,s.no,Youtube channel,Youtuber name,Category,Subscriber,Country,Views,Likes,Comments,Dislikes
0,1,tseries,T-Series,Music & Dance,229500000,India,103800.0,2800.0,158.0,448.0
1,2,checkgate,Cocomelon - Nursery Rhymes,Education,146600000,Not-Reveal,9500000.0,48300.0,2074.21,7728.0
2,3,PewDiePie,PewDiePie,Animation,111600000,United States,1400000.0,110700.0,7800.0,17712.0
3,4,MrBeast6000,MrBeast,Video games,109100000,United States,38400000.0,300500.0,56700.0,48080.0
4,5,✿ Kids Diana Show,✿ Kids Diana Show,Animation,102500000,Not-Reveal,2400000.0,15700.0,2074.21,2512.0
5,6,Like Nastya,Like Nastya,Toys,102400000,Not-Reveal,4400000.0,21100.0,2074.21,3376.0
6,7,WWEFanNation,WWE,Video games,91800000,United States,144900.0,5100.0,207.0,816.0
7,8,zeemusiccompany,Zee Music Company,Music & Dance,89700000,India,89600.0,2400.0,91.0,384.0
8,9,Vlad and Niki,Vlad and Niki,Animation,89100000,Not-Reveal,8800000.0,36100.0,2074.21,5776.0
9,10,BLACKPINK,BLACKPINK,Music & Dance,82800000,United States,1800000.0,297300.0,4500.0,47568.0
10,11,GoldminesTelefilms,Goldmines,Creator,78300000,India,54200.0,839.0,31.0,134.24
11,12,5-Minute Crafts,5-Minute Crafts,Creator,77900000,India,236200.0,1500.0,57.0,240.0
12,13,sabtv,Sony SAB,Movies,73900000,India,45600.0,757.0,18.0,121.12
13,14,BANGTANTV,BANGTANTV,Music & Dance,71700000,India,1700000.0,398800.0,8800.0,63808.0
14,15,ibighit,HYBE LABELS,Music & Dance,68800000,United States,2900000.0,179600.0,3900.0,28736.0
15,16,CanalKondZilla,Canal KondZilla,Music & Dance,66099999,Brazil,35300.0,1500.0,64.0,240.0
16,17,zeetv,Zee TV,Creator,64200000,India,8900.0,80.0,2.0,12.8
17,18,filmigaane,Shemaroo Filmi Gaane,Music & Dance,62600000,India,15200.0,172.0,7.0,27.52
18,19,SmartBooksMedia,Pinkfong Baby Shark - Kids' Songs & Stories,Animation,61800000,Not-Reveal,594400.0,1300.0,2074.21,208.0
19,20,ChuChu TV Nursery Rhymes & Kids Songs,ChuChu TV Nursery Rhymes & Kids Songs,Toys,59700000,Not-Reveal,147000.0,855.0,2074.21,136.8
20,21,corycotton,Dude Perfect,Video games,58400000,United States,6400000.0,250500.0,9500.0,40080.0
21,22,movieclips,Movieclips,Movies,58100000,United States,9200.0,142.0,13.0,22.72
22,23,colorstv,Colors TV,Creator,57600000,India,6700.0,73.0,2.0,11.68
23,24,Marshmello,Marshmello,Music & Dance,56100000,United States,1700000.0,88500.0,4500.0,14160.0
24,25,tseriesbhakti,T-Series Bhakti Sagar,Music & Dance,55500000,India,51200.0,1300.0,52.0,208.0
25,26,BHOJPURIWAVE,Wave Music,Music & Dance,54700000,Not-Reveal,71200.0,2100.0,86.0,336.0
26,27,aajtaktv,Aaj Tak,News & Politics,54400000,India,4200.0,65.0,4.0,10.4
27,28,sonymusicindiaSME,Sony Music India,Music & Dance,54300000,India,130900.0,2800.0,135.0,448.0
28,29,ReinoMariaElenaWalsh,El Reino Infantil,Music & Dance,53500000,Not-Reveal,43500.0,255.0,2074.21,40.800000000000004
29,30,EdSheeran,Ed Sheeran,Music & Dance,52600000,United States,222600.0,11100.0,790.0,1776.0
30,31,LooLooKids,LooLoo Kids - Nursery Rhymes and Children's Songs,Music & Dance,51200000,United States,332000.0,5500.0,2074.21,880.0
31,32,taylorswift,Taylor Swift,Music & Dance,49600000,United States,3500000.0,102100.0,1700.0,16336.0
32,33,yrf,YRF,Music & Dance,49100000,India,58900.0,2400.0,29.0,384.0
33,34,BillionSurpriseToys - English Kids Songs & Cartoon,BillionSurpriseToys - English Kids Songs & Cartoon,Toys,47800000,Not-Reveal,273000.0,43605.63,2074.21,6976.900799999999
34,35,infobellshindirhymes,Infobells - Hindi,Education,47400000,Not-Reveal,264600.0,1300.0,2074.21,208.0
35,36,JuegaGerman,JuegaGerman,Movies,46600000,Mexico,874000.0,85900.0,3000.0,13744.0
36,37,Badabun,Badabun,Creator,46000000,Mexico,8500.0,394.0,7.0,63.04
37,38,felipeneto,Felipe Neto,Creator,44700000,Brazil,1100000.0,112400.0,2300.0,17984.0
38,39,BRIGHT SIDE,BRIGHT SIDE,Animation,44200000,United States,43100.0,1100.0,77.0,176.0
39,40,sonymusicindiaVEVO,SonyMusicIndiaVEVO,Music & Dance,43900000,India,59400.0,1500.0,51.0,240.0
40,41,vcsabiavideos,Você Sabia?,Creator,43800000,Brazil,459200.0,58700.0,1100.0,9392.0
41,42,KatyPerryMusic,Katy Perry,Music & Dance,43500000,Not-Reveal,84400.0,8200.0,871.0,1312.0
42,43,DjWalkzz,Alan Walker,Music & Dance,42700000,United States,104500.0,9900.0,477.0,1584.0
43,44,A4,A4,Animation,42500000,Russia,11200000.0,404500.0,27100.0,64720.0
44,45,getmovies,Get Movies,Creator,42400000,Not-Reveal,91400.0,462.0,2074.21,73.92
45,46,ShemarooEnt,Shemaroo,Creator,42300000,India,47400.0,439.0,13.0,70.24
46,47,Like Nastya Show,Like Nastya Show,Animation,41700000,Not-Reveal,126800.0,754.0,2074.21,120.64
47,48,ABSCBNOnline,ABS-CBN Entertainment,Creator,41500000,Philippines,1400.0,19.0,1.0,3.04
48,49,speedrecordss,Speed Records,Music & Dance,41500000,India,23500.0,1200.0,57.0,192.0
49,50,Voot Kids,Voot Kids,Movies,40900000,Not-Reveal,752500.0,7100.0,2074.21,1136.0
50,51,LittleBabyBum,Little Baby Bum - Nursery Rhymes & Kids Songs,Animation,40100000,Not-Reveal,88000.0,175.0,2074.21,28.0
51,52,MashaMedvedTV,Маша и Медведь,Education,39700000,Not-Reveal,1600000.0,9000.0,2074.21,1440.0
52,53,LuisitoComunicaa,Luisito Comunica,Creator,39500000,Mexico,2000000.0,67300.0,2600.0,10768.0
53,54,venus,Ishtar Music,Music & Dance,38700000,India,35700.0,941.0,13.0,150.56
54,55,Kimberly Loaiza,Kimberly Loaiza,Daily vlogs,38500000,Mexico,5400000.0,368500.0,20000.0,58960.0
55,56,shakira,Shakira,Creator,38500000,United States,384300.0,20500.0,462.0,3280.0
56,57,luccasneto,LUCCAS NETO - LUCCAS TOON,Movies,38400000,Brazil,405600.0,8600.0,2074.21,1376.0
57,58,TheEllenShow,TheEllenShow,Creator,38300000,United States,7700.0,229.0,18.0,36.64
58,59,XXXTENTACION,XXXTENTACION,Music & Dance,38100000,United States,812500.0,103300.0,8100.0,16528.0
59,60,gr6explode,GR6 EXPLODE,Music & Dance,38100000,Brazil,536800.0,27000.0,375.0,4320.0
60,61,WorkpointOfficial,WorkpointOfficial,Creator,37700000,Thailand,8400.0,116.0,5.0,18.56
61,62,Toys and Colors,Toys and Colors,Movies,37400000,Not-Reveal,505900.0,1700.0,2074.21,272.0
62,63,AddictedA1,CarryMinati,Movies,37300000,India,14700000.0,2700000.0,110000.0,432000.0
63,64,DaddyYankeeOFFTV,Daddy Yankee,Music & Dance,37300000,Colombia,60900.0,5100.0,97.0,816.0
64,65,MashaBearEN,Masha and The Bear,Animation,36800000,Not-Reveal,1500000.0,8900.0,2074.21,1424.0
65,66,shfa2 - شفا,shfa2 - شفا,Daily vlogs,36800000,Not-Reveal,800200.0,7300.0,2074.21,1168.0
66,67,TEDxTalks,TEDx Talks,Creator,36700000,United States,271.0,6.0,1.0,0.96
67,68,shfa,shfa,Daily vlogs,36400000,France,2600000.0,41800.0,2074.21,6688.0
68,69,SuperSimpleSongs,Super Simple Songs - Kids Songs,Music & Dance,36300000,Not-Reveal,1900000.0,3400.0,2074.21,544.0
69,70,Jkk Entertainment,Jkk Entertainment,Creator,36300000,India,2400000.0,19900.0,317.0,3184.0
70,71,ARY Digital HD,ARY Digital HD,Creator,35900000,Pakistan,10100.0,107.0,4.0,17.12
71,72,Mikecrack,Mikecrack,Movies,35700000,Mexico,932800.0,76600.0,1500.0,12256.0
72,73,Ozuna,Ozuna,Music & Dance,35600000,United States,24600000.0,141700.0,2400.0,22672.0
73,74,gmmonetv,ช่อง one31,Creator,35500000,Thailand,4300.0,97.0,1.0,15.52
74,75,Goldmines Gaane Sune Ansune,Goldmines Gaane Sune Ansune,Music & Dance,35500000,India,33900.0,298.0,12.0,47.68
75,76,Like Nastya ESP,Like Nastya ESP,Creator,34800000,Not-Reveal,336600.0,1800.0,2074.21,288.0
76,77,harpalgeo,HAR PAL GEO,Creator,34600000,Pakistan,10300.0,88.0,1.0,14.08
77,78,UltraHindi,Ultra Bollywood,Creator,34500000,India,35900.0,259.0,7.0,41.44
78,79,Maria Clara & JP,Maria Clara & JP,Creator,34400000,Not-Reveal,1800000.0,18100.0,2074.21,2896.0
79,80,YouTube,YouTube,Creator,34000000,United States,25400.0,1200.0,2074.21,192.0
80,81,markiplierGAME,Markiplier,Animation,34000000,United States,2600000.0,164600.0,9200.0,26336.0
81,82,Total Gaming,Total Gaming,Creator,34000000,India,578100.0,65900.0,3000.0,10544.0
82,83,abpnewstv,ABP NEWS,News & Politics,34000000,India,2300.0,36.0,2.0,5.76
83,84,sonypalindia,Sony PAL,Creator,34000000,India,9000.0,110.0,6.0,17.6
84,85,Ryan's World,Ryan's World,Animation,33700000,Not-Reveal,442000.0,1800.0,2074.21,288.0
85,86,vegetta777,VEGETTA777,Video games,33600000,Mexico,223400.0,22200.0,356.0,3552.0
86,87,Geet MP3,Geet MP3,Music & Dance,33299999,India,1600000.0,46100.0,3600.0,7376.0
87,88,tseriesapnapunjab,T-Series Apna Punjab,Music & Dance,33200000,India,22600.0,1000.0,28.0,160.0
88,89,NoCopyrightSounds,NoCopyrightSounds,Music & Dance,33000000,United States,336400.0,12900.0,786.0,2064.0
89,90,IndiaTV,IndiaTV,News & Politics,33000000,India,9500.0,167.0,10.0,26.72
90,91,SSSniperWolf,SSSniperWolf,Humor,33000000,United States,2700000.0,76700.0,4600.0,12272.0
91,92,KHANDESHI MOVIES,KHANDESHI MOVIES,Creator,32600000,India,3700000.0,33900.0,459.0,5424.0
92,93,cancionesdelagranja,La Granja de Zenón,Music & Dance,32500000,Not-Reveal,286700.0,1300.0,2074.21,208.0
93,94,tseriesoldisgold,Bollywood Classics,Music & Dance,31900000,India,178500.0,1600.0,37.0,256.0
94,95,erosentertainment,Eros Now Music,Creator,31700000,India,16900.0,561.0,15.0,89.76
95,96,SelGomez,Selena Gomez,Creator,31600000,United States,1400000.0,162900.0,8100.0,26064.0
96,97,GENIAL,GENIAL,Animation,31600000,Mexico,33000.0,1100.0,37.0,176.0
97,98,juptube,Galinha Pintadinha,Music & Dance,31600000,Not-Reveal,7300000.0,30700.0,2074.21,4912.0
98,99,MrBean,Mr Bean,Creator,31200000,India,134800.0,2000.0,68.0,320.0
99,100,Luis Fonsi,Luis Fonsi,Creator,31200000,United States,38500.0,2100.0,78.0,336.0
100,101,rajshri,Rajshri,Creator,31200000,India,17300.0,166.0,5.0,26.560000000000002
101,102,Vlad và Nikita,Vlad và Nikita,Movies,31100000,Not-Reveal,2500000.0,11600.0,2074.21,1856.0
102,103,SMTOWN,SMTOWN,Music & Dance,31000000,United States,359100.0,36500.0,1100.0,5840.0
103,104,SongsOfIndianCinema,Saregama Music,Music & Dance,31000000,India,16000.0,547.0,19.0,87.52
104,105,DisneyMusicVEVO,DisneyMusicVEVO,Music & Dance,30800000,United States,125500.0,4700.0,245.0,752.0
105,106,Ricis Official,Ricis Official,Music & Dance,30600000,Indonesia,556700.0,24900.0,726.0,3984.0
106,107,AllTrapNation,Trap Nation,Music & Dance,30600000,United States,45000.0,1900.0,77.0,304.0
107,108,PowerKids,PowerKids TV,Movies,30600000,India,106900.0,43605.63,2074.21,6976.900799999999
108,109,latenight,The Tonight Show Starring Jimmy Fallon,Movies,30400000,United States,78500.0,2500.0,66.0,400.0
109,110,BabyBus - Kids Songs and Cartoons,BabyBus - Kids Songs and Cartoons,Animation,30200000,Not-Reveal,740500.0,2200.0,2074.21,352.0
110,111,rezendeevil,rezendeevil,Movies,30200000,Brazil,274900.0,17700.0,416.0,2832.0
111,112,AH,AH,Music & Dance,30100000,Indonesia,616400.0,29700.0,2200.0,4752.0
112,113,xoxxxoooxo,The Weeknd,Music & Dance,30000000,United States,421000.0,29600.0,1500.0,4736.0
113,114,SpinninRec,Spinnin' Records,Music & Dance,29800000,United States,33600.0,1700.0,53.0,272.0
114,115,Techno Gamerz,Techno Gamerz,Creator,29700000,India,4800000.0,295600.0,17300.0,47296.0
115,116,WWRBhojpuri,Worldwide Records Bhojpuri,Music & Dance,29600000,India,43300.0,2000.0,61.0,320.0
116,117,ImagineDragons,ImagineDragons,Music & Dance,29400000,United States,85800.0,9300.0,119.0,1488.0
117,118,MrBeast Gaming,MrBeast Gaming,Animation,29300000,United States,6600000.0,325900.0,11200.0,52144.0
118,119,adelelondon,Adele,Creator,29200000,United States,,43605.63,2074.21,6976.900799999999
119,120,theofficialpeppa,Peppa Pig - Official Channel,Toys,29000000,Not-Reveal,216000.0,770.0,2074.21,123.2
120,121,Wow Kidz,Wow Kidz,Animation,29000000,Not-Reveal,129800.0,1300.0,2074.21,208.0
121,122,UltraRecords,Ultra Records,Music & Dance,29000000,United States,18100.0,703.0,25.0,112.48
122,123,Maluma,Maluma,Music & Dance,29000000,Colombia,3900000.0,97100.0,3000.0,15536.0
123,124,MR. INDIAN HACKER,MR. INDIAN HACKER,Creator,28900000,India,2600000.0,285000.0,10500.0,45600.0
124,125,jacksepticeye,jacksepticeye,Video games,28800000,United States,1200000.0,68400.0,3900.0,10944.0
125,126,GMANETWORK,GMANetwork,Creator,28800000,Philippines,3500.0,97.0,1.0,15.52
126,127,DONA 도나,DONA 도나,Creator,28800000,United States,1100000.0,7600.0,183.0,1216.0
127,128,toyoraljanahtv,قناة طيور الجنة | toyoraljanahtv,Music & Dance,28600000,Not-Reveal,136800.0,43605.63,2074.21,6976.900799999999
128,129,TalkingTomCat,Talking Tom,Creator,28400000,United States,1600000.0,9900.0,2074.21,1584.0
129,130,Little Angel: Nursery Rhymes & Kids Songs,Little Angel: Nursery Rhymes & Kids Songs,Toys,28400000,Not-Reveal,527200.0,2000.0,2074.21,320.0
130,131,Genevieve's Playhouse - Learning Videos for Kids,Genevieve's Playhouse - Learning Videos for Kids,Toys,28400000,Not-Reveal,1600000.0,2700.0,2074.21,432.0
131,132,TheLateLateShow,The Late Late Show with James Corden,Animation,28000000,United States,43200.0,817.0,63.0,130.72
132,133,zeenews,Zee News,News & Politics,27800000,India,8400.0,207.0,9.0,33.12
133,134,व्लाद और निकिता,व्लाद और निकिता,Creator,27600000,Not-Reveal,278300.0,2200.0,2074.21,352.0
134,135,TheDonato,TheDonato,Creator,27600000,Mexico,277500.0,33000.0,292.0,5280.0
135,136,TwiNboTzVids,Lucas and Marcus,Animation,27500000,United States,788400.0,24300.0,1400.0,3888.0
136,137,Diana and Roma ESP,Diana and Roma ESP,Animation,27400000,Not-Reveal,1000000.0,4200.0,2074.21,672.0
137,138,infobellstamil,infobells - Tamil,Education,27400000,Not-Reveal,598400.0,3300.0,2074.21,528.0
138,139,AboFlah,AboFlah,Animation,27200000,Iraq,2600000.0,371800.0,11100.0,59488.0
139,140,DrakeOfficial,Drake,Music & Dance,27100000,United States,6500000.0,375900.0,14100.0,60144.0
140,141,adityamusic,Aditya Music,Music & Dance,27000000,India,13400.0,462.0,11.0,73.92
141,142,Bounce Patrol - Kids Songs,Bounce Patrol - Kids Songs,Music & Dance,26800000,Not-Reveal,205500.0,832.0,2074.21,133.12
142,143,taylorgangent,Wiz Khalifa,Music & Dance,26800000,United States,204000.0,10100.0,475.0,1616.0
143,144,infobellstelugu,infobells - Telugu,Education,26600000,Not-Reveal,70900.0,288.0,2074.21,46.08
144,145,enchufetv,enchufetv,Creator,26600000,Ecuador,231900.0,14200.0,235.0,2272.0
145,146,TheDiamondMinecart,DanTDM,Video games,26300000,United States,466600.0,25100.0,2500.0,4016.0
146,147,toycantando,toycantando,Music & Dance,26300000,Not-Reveal,73200.0,679.0,2074.21,108.64
147,148,WorldStarHipHopTV,WORLDSTARHIPHOP,Music & Dance,26100000,United States,18500.0,551.0,39.0,88.16
148,149,jypentertainment,JYP Entertainment,Music & Dance,25900000,United States,904200.0,110200.0,3900.0,17632.0
149,150,xSkyHeLLxx,Renato Garcia,Movies,25900000,Brazil,854000.0,91900.0,1400.0,14704.0
150,151,Sandeep Maheshwari,Sandeep Maheshwari,Daily vlogs,25900000,India,1400000.0,92200.0,7200.0,14752.0
151,152,nickelodeonjuniorfr,Nick Jr.,Animation,25700000,Not-Reveal,68300.0,182.0,2074.21,29.12
152,153,VanossGaming,VanossGaming,Animation,25700000,United States,1200000.0,52900.0,1700.0,8464.0
153,154,1MILLION Dance Studio,1MILLION Dance Studio,Creator,25700000,India,35700.0,2100.0,27.0,336.0
154,155,LosPolinesios,LosPolinesios,Music & Dance,25700000,Mexico,840700.0,37700.0,1700.0,6032.0
155,156,Goldmines Dishoom,Goldmines Dishoom,Creator,25500000,Not-Reveal,8900.0,122.0,2074.21,19.52
156,157,adityacinema,Aditya Movies,Creator,25200000,India,18500.0,511.0,10.0,81.76
157,158,NewOnNetflix,Netflix,Movies,25100000,United States,96400.0,1600.0,151.0,256.0
158,159,Masha y el Oso,Masha y el Oso,Animation,25100000,Not-Reveal,841000.0,4900.0,2074.21,784.0
159,160,Raffy Tulfo in Action,Raffy Tulfo in Action,News & Politics,25100000,Philippines,684000.0,11600.0,1300.0,1856.0
160,161,Jess No Limit,Jess No Limit,Movies,25000000,Indonesia,239300.0,7200.0,704.0,1152.0
161,162,NickiMinajTelevision,Nicki Minaj,Music & Dance,24900000,United States,2000000.0,121400.0,10700.0,19424.0
162,163,smosh,Smosh,Movies,24900000,United States,127600.0,10400.0,334.0,1664.0
163,164,WatchMojo,WatchMojo.com,Movies,24900000,United States,63000.0,2000.0,235.0,320.0
164,165,postmalone,Post Malone,Music & Dance,24700000,United States,118300.0,11600.0,458.0,1856.0
165,166,davidguettavevo,David Guetta,Music & Dance,24700000,Brazil,81000.0,3600.0,184.0,576.0
166,167,shemaroomovies,Shemaroo Movies,Creator,24500000,India,19300.0,534.0,4.0,85.44
167,168,Rans Entertainment,Rans Entertainment,Music & Dance,24500000,Indonesia,748600.0,28000.0,688.0,4480.0
168,169,Super JoJo - Nursery Rhymes & Kids Songs,Super JoJo - Nursery Rhymes & Kids Songs,Animation,24400000,Not-Reveal,36500.0,307.0,2074.21,49.120000000000005
169,170,LOENENT,1theK (원더케이),Creator,24300000,Indonesia,7400.0,625.0,24.0,100.0
170,171,Chloe Ting,Chloe Ting,Fitness,24300000,United States,303400.0,11500.0,439.0,1840.0
171,172,Amit Bhadana,Amit Bhadana,Humor,24300000,India,4900000.0,483400.0,62000.0,77344.0
172,173,Crazy XYZ,Crazy XYZ,Creator,24100000,India,2400000.0,217200.0,6000.0,34752.0
173,174,ChrisBrownTV,Chris Brown,Music & Dance,24100000,United States,20400000.0,773200.0,36200.0,123712.0
174,175,ColdplayVEVO,Coldplay,Music & Dance,24100000,United States,73000.0,11200.0,225.0,1792.0
175,176,Diana and Roma HIN,Diana and Roma HIN,Creator,23900000,Not-Reveal,80400.0,663.0,2074.21,106.08
176,177,TRANS7indonesia,TRANS7 OFFICIAL,Food & Drinks,23900000,Indonesia,6500.0,97.0,8.0,15.52
177,178,NinjasHyper,Ninja,Animation,23900000,United States,243500.0,11900.0,607.0,1904.0
178,179,ABPLIVE,ABPLIVE,News & Politics,23900000,India,2200.0,47.0,1.0,7.5200000000000005
179,180,James Charles,James Charles,Beauty,23800000,United States,734400.0,47400.0,1400.0,7584.0
180,181,DjSnakeTV,DJ Snake,Music & Dance,23700000,India,35500.0,2700.0,156.0,432.0
181,182,HumNetwork,HUM TV,Creator,23700000,Pakistan,2700.0,16.0,2074.21,2.56
182,183,Goldmines Bollywood,Goldmines Bollywood,Creator,23500000,India,23800.0,138.0,6.0,22.080000000000002
183,184,Happy Lives,Happy Lives,Creator,23400000,Not-Reveal,28800.0,150.0,2074.21,24.0
184,185,Troom Troom,Troom Troom,Animation,23300000,Not-Reveal,245200.0,1900.0,84.0,304.0
185,186,NickyJamTV,NickyJamTV,Music & Dance,23300000,Colombia,30800.0,2000.0,76.0,320.0
186,187,netdmuzikk,netd müzik,Music & Dance,23300000,Turkey,8500.0,232.0,44.0,37.12
187,188,Mister Max,Mister Max,DIY & Life Hacks,23300000,Russia,481500.0,12700.0,896.0,2032.0
188,189,EnriqueIglesiasPlay,Enrique Iglesias,Music & Dance,23200000,United States,66000.0,3900.0,538.0,624.0
189,190,TheEnaldinhO,Enaldinho,Movies,23100000,Brazil,1400000.0,73900.0,903.0,11824.0
190,191,JellyYT,Jelly,Video games,23100000,United States,180800.0,8900.0,1000.0,1424.0
191,192,Anuel AA,Anuel AA,Music & Dance,23100000,Colombia,2300000.0,152000.0,7500.0,24320.0
192,193,The Lallantop,The Lallantop,News & Politics,23100000,India,24300.0,640.0,76.0,102.4
193,194,mildicasdemulher,Tina Pontes,Creator,23100000,Brazil,72500.0,1700.0,2074.21,272.0
194,195,SesameStreet,Sesame Street,Creator,23100000,Not-Reveal,103200.0,520.0,2074.21,83.2
195,196,WB Kids,WB Kids,Movies,23100000,Not-Reveal,43700.0,500.0,2074.21,80.0
196,197,Frost Diamond,Frost Diamond,Music & Dance,23000000,Indonesia,396900.0,22100.0,837.0,3536.0
197,198,onemeeeliondollars,Mark Rober,Science & Technology,22900000,United States,5400000.0,408800.0,27600.0,65408.0
198,199,Like Nastya AE,Like Nastya AE,Creator,22800000,Not-Reveal,707700.0,5100.0,2074.21,816.0
199,200,Miss Katy,Miss Katy,Video games,22700000,Russia,674800.0,14500.0,736.0,2320.0
200,201,DrossRotzank,DrossRotzank,Creator,22700000,Mexico,1800000.0,146700.0,5900.0,23472.0
201,202,AmericasGotTalent,America's Got Talent,Music & Dance,22700000,United States,243000.0,4800.0,126.0,768.0
202,203,Technical Guruji,Technical Guruji,Creator,22700000,India,491100.0,30200.0,1800.0,4832.0
203,204,VenusMovies,Venus Movies,Creator,22500000,India,12500.0,178.0,11.0,28.48
204,205,gmmgrammyofficial,GMM GRAMMY OFFICIAL,Music & Dance,22500000,Thailand,4800.0,169.0,3.0,27.04
205,206,THECHAINSMOKERS,The Chainsmokers,Humor,22500000,United States,58100.0,2500.0,84.0,400.0
206,207,MrBeast en Español,MrBeast en Español,Creator,22400000,Mexico,7300000.0,292000.0,15300.0,46720.0
207,208,Smile Family,Smile Family,Movies,22300000,Not-Reveal,65400.0,356.0,2074.21,56.96
208,209,goldmineshindi,Goldmines Movies,Creator,22300000,India,8500.0,96.0,7.0,15.36
209,210,Diana and Roma ARA,Diana and Roma ARA,Creator,22300000,Not-Reveal,586700.0,3700.0,2074.21,592.0
210,211,mmoshaya,mmoshaya,Creator,22300000,Saudi Arabia,1300000.0,19300.0,605.0,3088.0
211,212,PeppaLatinoAmericano,Peppa Pig Español Latino - Canal Oficial,Toys,22300000,Not-Reveal,435800.0,2800.0,2074.21,448.0
212,213,WHBBP,White Hill Music,Music & Dance,22200000,India,16000.0,829.0,41.0,132.64000000000001
213,214,PenIndiaPvtLimited,Pen Movies,Movies,22100000,India,173500.0,5500.0,184.0,880.0
214,215,TEDtalksDirector,TED,Creator,22100000,United States,47700.0,1500.0,135.0,240.0
215,216,Brent Rivera,Brent Rivera,Video games,22100000,United States,3200000.0,194500.0,7300.0,31120.0
216,217,oRugrat,FaZe Rug,Video games,22100000,United States,2600000.0,99400.0,7600.0,15904.0
217,218,Paulo Londra,Paulo Londra,Music & Dance,22100000,Argentina,1300000.0,82800.0,2300.0,13248.0
218,219,D Billions,D Billions,Creator,22000000,Not-Reveal,784700.0,1200.0,2074.21,192.0
219,220,hamaarbhojiwood,Wave Music Bhojpuri,Music & Dance,22000000,India,19000.0,252.0,21.0,40.32
220,221,siavideos,Sia,Music & Dance,21900000,United States,87600.0,7500.0,559.0,1200.0
221,222,starplus,StarPlus,Creator,21900000,India,26100.0,437.0,10.0,69.92
222,223,PrestonPlayz,Preston,Animation,21900000,United States,1000000.0,28400.0,1100.0,4544.0
223,224,BabyBus - Canciones Infantiles & Videos para Niños,BabyBus - Canciones Infantiles & Videos para Niños,Movies,21600000,Not-Reveal,235100.0,1100.0,2074.21,176.0
224,225,Juan De Dios Pantoja,Juan De Dios Pantoja,Daily vlogs,21500000,Mexico,1700000.0,117400.0,2400.0,18784.0
225,226,SSundee,SSundee,Video games,21500000,United States,1300000.0,68500.0,3600.0,10960.0
226,227,Like Nastya PRT,Like Nastya PRT,Creator,21400000,Not-Reveal,346200.0,1800.0,2074.21,288.0
227,228,LankyBox,LankyBox,Video games,21300000,United States,262300.0,4100.0,181.0,656.0
228,229,FGTeeV,FGTeeV,Animation,21300000,United States,608400.0,8300.0,1100.0,1328.0
229,230,shfa show India,shfa show India,Daily vlogs,21300000,Not-Reveal,1000000.0,10900.0,2074.21,1744.0
230,231,CharliesVlogs,Charlie Puth,Music & Dance,21300000,United States,645100.0,24300.0,784.0,3888.0
231,232,Goldmines Cineplex,Goldmines Cineplex,Creator,21100000,India,7600.0,117.0,6.0,18.72
232,233,Tasty,Tasty,Food & Drinks,21100000,United States,60000.0,3400.0,33.0,544.0
233,234,UltraMovieParlour,Ultra Movie Parlour,Creator,20900000,India,34600.0,358.0,11.0,57.28
234,235,NationalGeographic,National Geographic,Creator,20900000,United States,30700.0,723.0,25.0,115.68
235,236,5-Minute Crafts DIY,5-Minute Crafts DIY,Music & Dance,20900000,India,11100.0,240.0,7.0,38.4
236,237,Baim Paula,Baim Paula,Music & Dance,20900000,Indonesia,862500.0,50700.0,11500.0,8112.0
237,238,Kids TV - Nursery Rhymes And Baby Songs,Kids TV - Nursery Rhymes And Baby Songs,Toys,20900000,Not-Reveal,23200.0,64.0,2074.21,10.24
238,239,★ Kids Roma Show,★ Kids Roma Show,Animation,20800000,Not-Reveal,2900000.0,10200.0,2074.21,1632.0
239,240,BeckyGOfficial,Becky G,Music & Dance,20800000,United States,1600000.0,32299.0,1300.0,5167.84
240,241,CanalCanalha,Canal Canalha,Sports,20700000,Brazil,1400000.0,160300.0,3900.0,25648.0
241,242,DisneyChannelLA,Disney Latinoamérica,Creator,20700000,Not-Reveal,19300.0,207.0,2074.21,33.12
242,243,Brave Wilderness,Brave Wilderness,Creator,20500000,United States,454600.0,10800.0,790.0,1728.0
243,244,RotanaAudio,Rotana,Music & Dance,20500000,Saudi Arabia,16800.0,390.0,25.0,62.4
244,245,Alan Becker,Alan Becker,Animation,20500000,United States,808500.0,80800.0,2800.0,12928.0
245,246,JakePaulProductions,Jake Paul,Fitness,20300000,United States,234000.0,8300.0,1000.0,1328.0
246,247,Vlad and Niki Arabic,Vlad and Niki Arabic,Creator,20300000,Not-Reveal,226000.0,1700.0,2074.21,272.0
247,248,BuzzFeedVideo,BuzzFeedVideo,Food & Drinks,20300000,United States,26900.0,537.0,23.0,85.92
248,249,GooodLifeFilms,Lyrical Lemonade,Creator,20300000,United States,950300.0,45300.0,3100.0,7248.0
249,250,TelenovelaTelevisa,Tlnovelas,Creator,20300000,Mexico,12100.0,241.0,11.0,38.56
250,251,LazarBeam,LazarBeam,Animation,20300000,United States,1600000.0,98200.0,6900.0,15712.0
251,252,toyorbabytv,toyorbabytv,Music & Dance,20300000,Not-Reveal,116800.0,43605.63,2074.21,6976.900799999999
252,253,AuthenticGames,AuthenticGames,Movies,20300000,Brazil,36000.0,3700.0,411.0,592.0
253,254,MrVivekBindra,Dr. Vivek Bindra: Motivational Speaker,Education,20100000,India,230100.0,16600.0,746.0,2656.0
254,255,SlivkiChanel,SlivkiShow,Video games,20100000,Russia,2100000.0,121500.0,3500.0,19440.0
255,256,Totoy kids - Português,Totoy kids - Português,Animation,20100000,Not-Reveal,69400.0,872.0,2074.21,139.52
256,257,5-Minute Crafts PLAY,5-Minute Crafts PLAY,Creator,20100000,India,29900.0,216.0,12.0,34.56
257,258,TheFineBros,REACT,Humor,20100000,United States,94100.0,4000.0,227.0,640.0
258,259,VEVO,Vevo,Music & Dance,20100000,United States,51900.0,552.0,19.0,88.32000000000001
259,260,HaerteTest,HaerteTest,Creator,20000000,India,22000.0,134.0,14.0,21.44
260,261,rossbollinger,Pencilmation,Animation,20000000,United States,91200.0,1600.0,41.0,256.0
261,262,Beast Reacts,Beast Reacts,Creator,20000000,United States,9700000.0,321500.0,5300.0,51440.0
262,263,romeo,Romeo Santos,Music & Dance,19900000,United States,69400.0,6500.0,325.0,1040.0
263,264,Mnet,Mnet K-POP,Music & Dance,19900000,United States,45500.0,2800.0,177.0,448.0
264,265,Kinder Spielzeug Kanal,Kinder Spielzeug Kanal,Animation,19900000,Not-Reveal,114400.0,2000.0,2074.21,320.0
265,266,PTXofficial,Pentatonix,Music & Dance,19900000,United States,350500.0,18900.0,959.0,3024.0
266,267,Sun TV,Sun TV,Creator,19900000,India,62500.0,1400.0,12.0,224.0
267,268,MARVEL,Marvel Entertainment,Movies,19900000,United States,142100.0,8200.0,367.0,1312.0
268,269,Netflix India,Netflix India,Creator,19800000,India,160700.0,4800.0,117.0,768.0
269,270,Noor Stars,Noor Stars,Movies,19700000,Iraq,945600.0,85400.0,3200.0,13664.0
270,271,corbuzierprediction,Deddy Corbuzier,Creator,19700000,Indonesia,2900000.0,64900.0,7100.0,10384.0
271,272,gottalentglobal,Got Talent Global,Creator,19700000,United States,43100.0,778.0,28.0,124.48
272,273,Infinite,Infinite,Video games,19700000,United States,630700.0,15400.0,695.0,2464.0
273,274,Eva Bravo Play,Eva Bravo Play,Creator,19700000,Not-Reveal,427100.0,2300.0,2074.21,368.0
274,275,Kurzgesagt,Kurzgesagt – In a Nutshell,Education,19700000,United States,4400000.0,211800.0,6300.0,33888.0
275,276,invictorgs3,invictor,Animation,19600000,Mexico,523700.0,35900.0,794.0,5744.0
276,277,fatosdesconhecidos,Fatos Desconhecidos,Science & Technology,19500000,Brazil,118400.0,14000.0,540.0,2240.0
277,278,gordonramsay,Gordon Ramsay,Food & Drinks,19500000,United States,96000.0,3100.0,273.0,496.0
278,279,Gusttavo Lima Oficial,Gusttavo Lima Oficial,Music & Dance,19500000,Brazil,6500000.0,49300.0,1400.0,7888.0
279,280,RobinHoodGamer1,Robin Hood Gamer,Animation,19500000,Brazil,739900.0,51300.0,748.0,8208.0
280,281,NBA,NBA,Sports,19500000,United States,39800.0,1500.0,59.0,240.0
281,282,Zhong,Zhong,Creator,19400000,United States,2300000.0,199800.0,877.0,31968.0
282,283,Troom Troom Es,Troom Troom Es,Creator,19400000,Mexico,87600.0,1400.0,46.0,224.0
283,284,OfficialClashOfClans,Clash of Clans,Movies,19300000,United States,354600.0,29700.0,767.0,4752.0
284,285,Vania Mania Kids,Vania Mania Kids,Animation,19300000,Not-Reveal,852900.0,3800.0,2074.21,608.0
285,286,shakiraVEVO,shakiraVEVO,Music & Dance,19200000,Colombia,96000000.0,3100000.0,148500.0,496000.0
286,287,TheElenaYa,Diana and Roma EN,Animation,19200000,Not-Reveal,1200000.0,5500.0,2074.21,880.0
287,288,DLS News,DLS News,News & Politics,19200000,India,42700.0,1500.0,92.0,240.0
288,289,The Royalty Family,The Royalty Family,Humor,19100000,United States,3200000.0,124400.0,19000.0,19904.0
289,290,AS Gaming,AS Gaming,Creator,19100000,India,268200.0,26500.0,769.0,4240.0
290,291,Crafty Panda,Crafty Panda,Music & Dance,19100000,India,52000.0,410.0,10.0,65.6
291,292,YOLO AVENTURAS,YOLO AVENTURAS,Creator,19000000,Mexico,1100000.0,105200.0,1100.0,16832.0
292,293,JimmyKimmelLive,Jimmy Kimmel Live,Movies,19000000,United States,183700.0,4300.0,333.0,688.0
293,294,TRT Originals Urdu,TRT Originals Urdu,Creator,19000000,Pakistan,183300.0,9700.0,237.0,1552.0
294,295,BritainsGotTalent09,Britain's Got Talent,Music & Dance,18900000,United Kingdom,104500.0,1000.0,22.0,160.0
295,296,greengoldtv,Green Gold TV - Official Channel,Creator,18900000,Not-Reveal,460000.0,3500.0,2074.21,560.0
296,297,Kids Channel India - Hindi Rhymes and Baby Songs,Kids Channel India - Hindi Rhymes and Baby Songs,Education,18900000,Not-Reveal,59500.0,445.0,2074.21,71.2
297,298,BabyBus - Cerita & Lagu Anak-anak,BabyBus - Cerita & Lagu Anak-anak,Movies,18800000,Not-Reveal,195000.0,1200.0,2074.21,192.0
298,299,sonotekvideo,Sonotek,Music & Dance,18700000,India,572500.0,15400.0,384.0,2464.0
299,300,The ACE Family,The ACE Family,Humor,18700000,United States,914200.0,39000.0,3300.0,6240.0
300,301,Heidi & Zidane बच्चों की कहानियाँ,Heidi & Zidane बच्चों की कहानियाँ,Daily vlogs,18700000,Not-Reveal,59900.0,437.0,2074.21,69.92
301,302,CookieSwirlC,CookieSwirlC,Video games,18700000,United States,101200.0,1600.0,371.0,256.0
302,303,MiawAug,MiawAug,Video games,18700000,Indonesia,492600.0,25300.0,1400.0,4048.0
303,304,PinkPanther,Official Pink Panther,Movies,18700000,Not-Reveal,313200.0,2600.0,2074.21,416.0
304,305,TheWillyrex,TheWillyrex,Creator,18500000,Spain,17200.0,1100.0,221.0,176.0
305,306,ElTrollino,ElTrollino,Animation,18500000,Mexico,680900.0,28000.0,212.0,4480.0
306,307,Village Cooking Channel,Village Cooking Channel,Creator,18500000,India,3200000.0,146200.0,2600.0,23392.0
307,308,TheOdd1sOut,TheOdd1sOut,Movies,18500000,United States,908200.0,71700.0,1000.0,11472.0
308,309,HiBestMan,HiMan,Video games,18500000,Russia,924600.0,62000.0,2400.0,9920.0
309,310,kbsworld,KBS WORLD TV,Creator,18500000,Indonesia,6000.0,199.0,8.0,31.84
310,311,Emiway Bantai,Emiway Bantai,Music & Dance,18400000,India,592600.0,87900.0,4900.0,14064.0
311,312,Junya Official Channel,Junya Official Channel,Creator,18400000,Japan,389800.0,7800.0,27.0,1248.0
312,313,turmadamonicaTV,Turma da Mônica,Creator,18300000,Not-Reveal,133000.0,2700.0,2074.21,432.0
313,314,SCTVIndonesia,SCTV,Music & Dance,18300000,Indonesia,14400.0,272.0,23.0,43.52
314,315,Dan Rhodes,Dan Rhodes,Animation,18300000,United States,307300.0,22100.0,141.0,3536.0
315,316,Alejo Igoa,Alejo Igoa,DIY & Life Hacks,18300000,Argentina,4700000.0,98600.0,7500.0,15776.0
316,317,PDKFilms,PDK Films,Movies,18300000,United States,534800.0,17200.0,1100.0,2752.0
317,318,farrukotv,Farruko,Music & Dance,18300000,United States,4099999.0,86700.0,3400.0,13872.0
318,319,Rafa & Luiz,Rafa & Luiz,Video games,18300000,Brazil,590900.0,31800.0,812.0,5088.0
319,320,Unbox Therapy,Unbox Therapy,Science & Technology,18300000,United States,945900.0,12700.0,907.0,2032.0
320,321,DanielSaboya,Dan-Sa / Daniel Saboya,Music & Dance,18300000,Brazil,26100.0,1200.0,45.0,192.0
321,322,Vlad and Niki IDN,Vlad and Niki IDN,Music & Dance,18200000,Not-Reveal,446800.0,2000.0,2074.21,320.0
322,323,Sourav Joshi Vlogs,Sourav Joshi Vlogs,Daily vlogs,18200000,India,5400000.0,485800.0,10900.0,77728.0
323,324,INCRÍVEL,INCRÍVEL,Animation,18100000,Not-Reveal,20600.0,847.0,26.0,135.52
324,325,GEN HALILINTAR,GEN HALILINTAR,Music & Dance,18100000,Indonesia,124200.0,4600.0,136.0,736.0
325,326,Vsauce,Vsauce,Science & Technology,18100000,United States,224900.0,14500.0,1100.0,2320.0
326,327,etvteluguindia,etvteluguindia,Creator,18100000,India,19500.0,216.0,4.0,34.56
327,328,Naisa Alifia Yuriza (N.A.Y),Naisa Alifia Yuriza (N.A.Y),Music & Dance,18000000,Indonesia,169000.0,9200.0,140.0,1472.0
328,329,Like Nastya Vlog,Like Nastya Vlog,Daily vlogs,18000000,Not-Reveal,430500.0,1500.0,2074.21,240.0
329,330,Kiddiestv Hindi - Nursery Rhymes & Kids Songs,Kiddiestv Hindi - Nursery Rhymes & Kids Songs,Education,17900000,Not-Reveal,12400.0,65.0,2074.21,10.4
330,331,ThePoznavatel,Познаватель,Toys,17900000,Russia,1100000.0,41900.0,1800.0,6704.0
331,332,rhettandlink2,Good Mythical Morning,Food & Drinks,17900000,United States,959700.0,34000.0,1400.0,5440.0
332,333,Little Angel Español - Canciones Infantiles,Little Angel Español - Canciones Infantiles,Animation,17900000,Not-Reveal,413500.0,2400.0,2074.21,384.0
333,334,DUDU e CAROL,DUDU e CAROL,Creator,17900000,Brazil,2100000.0,179900.0,365.0,28784.0
334,335,NichLmao,NichLmao,Daily vlogs,17900000,United States,3800000.0,283200.0,1900.0,45312.0
335,336,Matroix,Ali-A,Video games,17900000,United States,511200.0,19300.0,3000.0,3088.0
336,337,TEDEducation,TED-Ed,Science & Technology,17900000,United States,344700.0,14800.0,642.0,2368.0
337,338,dj47maryn,Marmok,Animation,17900000,Russia,3800000.0,341500.0,13300.0,54640.0
338,339,rsiammusic,RsiamMusic : อาร์สยาม,Music & Dance,17900000,Thailand,8300.0,258.0,6.0,41.28
339,340,therealdemilovato,Demi Lovato,Music & Dance,17800000,United States,143500.0,14400.0,850.0,2304.0
340,341,STARVIJAY,Vijay Television,Creator,17800000,India,123900.0,2600.0,37.0,416.0
341,342,TheGrefg,TheGrefg,Animation,17700000,Spain,1100000.0,80400.0,1400.0,12864.0
342,343,SockeyeMedia,Mother Goose Club Playhouse,Music & Dance,17700000,Not-Reveal,8500.0,52.0,2074.21,8.32
343,344,SebastianYatra,Sebastián Yatra,Music & Dance,17700000,Colombia,16300.0,1500.0,117.0,240.0
344,345,JFlaMusic,JFlaMusic,Music & Dance,17700000,United States,76900.0,5600.0,181.0,896.0
345,346,Masha e o Urso,Masha e o Urso,Creator,17700000,Not-Reveal,321000.0,2100.0,2074.21,336.0
346,347,officialpsy,officialpsy,Music & Dance,17700000,United States,102400.0,8500.0,478.0,1360.0
347,348,SUPER SLICK SLIME SAM,SUPER SLICK SLIME SAM,Creator,17600000,Mexico,191200.0,6400.0,116.0,1024.0
348,349,RobleisIUTU,RobleisIUTU,Movies,17600000,Argentina,733600.0,53900.0,1300.0,8624.0
349,350,grammygoldofficia,Grammy Gold Official,Music & Dance,17600000,Thailand,10100.0,396.0,10.0,63.36
350,351,portadosfundos,Porta dos Fundos,Movies,17600000,Brazil,765100.0,70200.0,966.0,11232.0
351,352,aMOODIEsqueezie,SQUEEZIE,Creator,17600000,France,5500000.0,429600.0,5500.0,68736.0
352,353,FactTechz,FactTechz,Education,17500000,India,518100.0,45300.0,1800.0,7248.0
353,354,monstafluffmusicTV,7clouds,Music & Dance,17500000,United States,207200.0,3600.0,163.0,576.0
354,355,SOMOY TV,SOMOY TV,Daily vlogs,17400000,Bangladesh,6400.0,157.0,11.0,25.12
355,356,ArabGamesNetwork,شبكة العاب العرب | Arab Games Network,Creator,17400000,Algeria,178000.0,18800.0,806.0,3008.0
356,357,Stubborn Facts,Stubborn Facts,Creator,17300000,India,106600.0,4400.0,124.0,704.0
357,358,Sidemen,Sidemen,Video games,17200000,United Kingdom,9700000.0,583700.0,17500.0,93392.0
358,359,Willyrex,Willyrex,Video games,17200000,Mexico,60700.0,5900.0,30.0,944.0
359,360,Goldmines Great Indian Comedy,Goldmines Great Indian Comedy,Creator,17200000,India,8200.0,102.0,4.0,16.32
360,361,Triggered Insaan,Triggered Insaan,Humor,17100000,India,5800000.0,550800.0,19300.0,88128.0
361,362,Jane ASMR 제인,Jane ASMR 제인,Daily vlogs,17100000,Indonesia,297300.0,4500.0,201.0,720.0
362,363,Dhar Mann,Dhar Mann,Health & Self Help,17100000,United States,4600000.0,87000.0,4100.0,13920.0
363,364,iberethenorio,Manual do Mundo,Science & Technology,17000000,Brazil,523100.0,58600.0,653.0,9376.0
364,365,indiancomedy,Shemaroo Comedy,Creator,17000000,India,40300.0,541.0,12.0,86.56
365,366,musicalrmastv,الـريماس - Al-Remas,Music & Dance,17000000,Iraq,80400.0,2500.0,235.0,400.0
366,367,IGNentertainment,IGN,Creator,17000000,United States,49000.0,1200.0,150.0,192.0
367,368,JasonDerulo,Jason Derulo,Music & Dance,17000000,United States,54500.0,2900.0,44.0,464.0
368,369,aynakoitsroi,Guava Juice,Creator,17000000,United States,94800.0,2000.0,305.0,320.0
369,370,Daniel LaBelle,Daniel LaBelle,Creator,16900000,United States,17100000.0,725100.0,1100.0,116016.0
370,371,rkddigital,RKD Studios,Creator,16800000,India,77200.0,1900.0,49.0,304.0
371,372,SonyMusicSouthVEVO,SonyMusicSouthVEVO,Music & Dance,16800000,Not-Reveal,10200.0,227.0,7.0,36.32
372,373,Zuni and Family,Zuni and Family,Daily vlogs,16800000,Not-Reveal,9500.0,82.0,2074.21,13.120000000000001
373,374,Gulshan Kalra,Gulshan Kalra,Creator,16800000,India,9100000.0,626400.0,436.0,100224.0
374,375,Fede Vigevani,Fede Vigevani,Creator,16800000,Mexico,3500000.0,261300.0,12300.0,41808.0
375,376,Apple,Apple,Music & Dance,16800000,Not-Reveal,702600.0,20000.0,2074.21,3200.0
376,377,TheBrianMaps,TheBrianMaps,Video games,16800000,Russia,1300000.0,195100.0,11800.0,31216.0
377,378,Tu COSMOPOLIS,Tu COSMOPOLIS,News & Politics,16800000,Mexico,75500.0,5900.0,481.0,944.0
378,379,zbingzbing,zbing z.,Animation,16800000,Thailand,452900.0,17000.0,774.0,2720.0
379,380,tanboy kun,tanboy kun,Music & Dance,16700000,Indonesia,1400000.0,33600.0,1800.0,5376.0
380,381,Blippi - Educational Videos for Kids,Blippi - Educational Videos for Kids,Education,16600000,Not-Reveal,869500.0,3000.0,2074.21,480.0
381,382,jquintanac5,DeToxoMoroxo,Movies,16600000,Mexico,194300.0,14800.0,3600.0,2368.0
382,383,queenofficial,Queen Official,Music & Dance,16600000,United States,162800.0,16500.0,1100.0,2640.0
383,384,IDEAS EN 5 MINUTOS,IDEAS EN 5 MINUTOS,Creator,16600000,Mexico,16600.0,169.0,5.0,27.04
384,385,Katie Angel,Katie Angel,Creator,16600000,Mexico,237000.0,19700.0,129.0,3152.0
385,386,Prajapati News,Prajapati News,Creator,16500000,India,22900.0,1200.0,56.0,192.0
386,387,alanalan9635,Stokes Twins,Video games,16500000,United States,7000000.0,211500.0,10700.0,33840.0
387,388,Sandra Cires Art,Sandra Cires Art,Creator,16399999,Colombia,484500.0,30700.0,1600.0,4912.0
388,389,ppextras,ExtraPolinesios,Daily vlogs,16399999,Mexico,51900.0,3400.0,679.0,544.0
389,390,marquesbrownlee,Marques Brownlee,Science & Technology,16399999,United States,2600000.0,100000.0,5300.0,16000.0
390,391,MatthewPatrick13,The Game Theorists,Science & Technology,16399999,United States,1500000.0,109400.0,16700.0,17504.0
391,392,El Reino a Jugar,El Reino a Jugar,Education,16399999,Not-Reveal,73600.0,316.0,2074.21,50.56
392,393,lescopaque,Les' Copaque Production,Creator,16399999,Indonesia,197500.0,4900.0,55.0,784.0
393,394,TRANSTVofficial,TRANS TV Official,Music & Dance,16300000,Indonesia,700.0,17.0,2.0,2.72
394,395,vice,VICE,News & Politics,16300000,United States,254500.0,5900.0,929.0,944.0
395,396,Dangal TV Channel,Dangal TV Channel,Creator,16300000,India,108700.0,1300.0,7.0,208.0
396,397,AMARINTV : อมรินทร์ทีวี,AMARINTV : อมรินทร์ทีวี,News & Politics,16200000,Thailand,10400.0,145.0,11.0,23.2
397,398,News24page,News24,News & Politics,16200000,India,3000.0,51.0,5.0,8.16
398,399,Kaykai Salaider,Kaykai Salaider,Movies,16200000,Thailand,3300000.0,272400.0,13800.0,43584.0
399,400,And TV,And TV,Creator,16200000,India,2000.0,15.0,1.0,2.4
400,401,failarmy,FailArmy,Animation,16200000,United States,1500000.0,19800.0,1000.0,3168.0
401,402,LIV Crime,LIV Crime,Daily vlogs,16200000,India,87500.0,967.0,30.0,154.72
402,403,Aayu and Pihu Show,Aayu and Pihu Show,Movies,16200000,India,2900000.0,70900.0,5900.0,11344.0
403,404,Ivana Alawi,Ivana Alawi,Daily vlogs,16200000,Philippines,2700000.0,137400.0,12000.0,21984.0
404,405,boyceavenue,Boyce Avenue,Music & Dance,16200000,Brazil,279800.0,8000.0,373.0,1280.0
405,406,KSIOlajidebtHD,JJ Olatunji,Creator,16200000,United States,2300000.0,164800.0,4800.0,26368.0
406,407,Zappy Toons - Hindi Nursery Rhymes and Stories,Zappy Toons - Hindi Nursery Rhymes and Stories,Education,16200000,Not-Reveal,51800.0,258.0,2074.21,41.28
407,408,Antrax,Antrax,Video games,16200000,Mexico,545300.0,31000.0,1200.0,4960.0
408,409,Jason Vlogs,Jason Vlogs,Animation,16200000,Not-Reveal,310400.0,1300.0,2074.21,208.0
409,410,Camila Cabello,Camila Cabello,Music & Dance,16000000,United States,276600.0,18800.0,951.0,3008.0
410,411,popchartbusters,Pop Chartbusters,Music & Dance,16000000,India,6800.0,114.0,10.0,18.240000000000002
411,412,MegatoadStonie,Matt Stonie,Food & Drinks,16000000,United States,2400000.0,125900.0,1800.0,20144.0
412,413,PitbullMusic,Pitbull,Music & Dance,16000000,United States,15000.0,817.0,22.0,130.72
413,414,DopeLyrics,DopeLyrics,Music & Dance,16000000,United States,10600.0,256.0,34.0,40.96
414,415,JenniferLopez,Jennifer Lopez,Music & Dance,16000000,Not-Reveal,19600.0,43605.63,2074.21,6976.900799999999
415,416,Kids Play,Kids Play,Creator,16000000,Not-Reveal,111600.0,530.0,2074.21,84.8
416,417,Like Nastya VNM,Like Nastya VNM,Creator,15900000,Not-Reveal,528300.0,43605.63,2074.21,6976.900799999999
417,418,Wow Kidz Action,Wow Kidz Action,Creator,15900000,Not-Reveal,41500.0,407.0,2074.21,65.12
418,419,Enes Batur,Enes Batur,Video games,15800000,Turkey,1600000.0,86400.0,6700.0,13824.0
419,420,AdMe,AdMe,Animation,15800000,Russia,39300.0,1100.0,57.0,176.0
420,421,OGatoGalactico,Gato Galactico | GALÁXIA,Animation,15800000,Brazil,171800.0,8200.0,123.0,1312.0
421,422,Busy Fun Ltd,Busy Fun Ltd,Creator,15800000,India,1800000.0,10000.0,327.0,1600.0
422,423,movieclipsTRAILERS,Rotten Tomatoes Trailers,Movies,15800000,United States,40900.0,760.0,86.0,121.60000000000001
423,424,RCTI - LAYAR DRAMA INDONESIA,RCTI - LAYAR DRAMA INDONESIA,Music & Dance,15800000,Indonesia,16000.0,260.0,14.0,41.6
424,425,With Kids[위드키즈],With Kids[위드키즈],Creator,15700000,United States,145500.0,43605.63,2074.21,6976.900799999999
425,426,That Little Puff,That Little Puff,Creator,15700000,United States,4200000.0,201500.0,340.0,32240.0
426,427,Dyland PROS,Dyland PROS,Movies,15600000,Indonesia,64400.0,4000.0,77.0,640.0
427,428,portalfitdance,FitDance,Music & Dance,15600000,Not-Reveal,47500.0,1600.0,19.0,256.0
428,429,SriBalajiMovies,SriBalajiMovies,Creator,15600000,India,17300.0,123.0,2.0,19.68
429,430,Zach Choi ASMR,Zach Choi ASMR,Daily vlogs,15600000,United States,2100000.0,207000.0,830.0,33120.0
430,431,SAM SMITH,SAM SMITH,Creator,15600000,United States,108300.0,6900.0,252.0,1104.0
431,432,RomanAtwoodVlogs,Roman Atwood Vlogs,Movies,15600000,United States,619300.0,27600.0,1300.0,4416.0
432,433,Like Nastya IDN,Like Nastya IDN,Music & Dance,15600000,Not-Reveal,172700.0,43605.63,2074.21,6976.900799999999
433,434,Camilo,Camilo,Music & Dance,15500000,Colombia,934100.0,38100.0,242.0,6096.0
434,435,Vlad and Niki ESP,Vlad and Niki ESP,Creator,15500000,Not-Reveal,1100000.0,6200.0,2074.21,992.0
435,436,T3DDYgames,T3ddy,Daily vlogs,15400000,Brazil,568300.0,68800.0,2000.0,11008.0
436,437,laharimusic,Lahari Music | T-Series,Music & Dance,15400000,India,30400.0,951.0,12.0,152.16
437,438,bbtvch7,Ch7HD,Creator,15400000,Thailand,7700.0,202.0,3.0,32.32
438,439,LOKESH GAMER,LOKESH GAMER,Creator,15400000,India,184400.0,21800.0,1000.0,3488.0
439,440,Kerajinan 5-Menit,Kerajinan 5-Menit,Music & Dance,15400000,Indonesia,22800.0,203.0,6.0,32.480000000000004
440,441,elcanaldePlimPlim,Plim Plim - Kids Songs & Episodes - Spanish,Music & Dance,15400000,Not-Reveal,461200.0,2100.0,2074.21,336.0
441,442,GMMTVSPOTLIKE,GMMTV OFFICIAL​​,Music & Dance,15400000,Thailand,10600.0,447.0,9.0,71.52
442,443,popskids,POPS Kids,Animation,15400000,Indonesia,2800.0,20.0,2074.21,3.2
443,444,YOLO,YOLO,Creator,15300000,Mexico,803300.0,52000.0,334.0,8320.0
444,445,LEGO,LEGO,Animation,15200000,United States,44900.0,613.0,2074.21,98.08
445,446,hejproducao,Henrique e Juliano,Music & Dance,15200000,Brazil,41900.0,2600.0,34.0,416.0
446,447,5-Minute Crafts FAMILY,5-Minute Crafts FAMILY,Creator,15200000,India,13000.0,128.0,5.0,20.48
447,448,Oyuncak Avı,Oyuncak Avı,Creator,15200000,Not-Reveal,39100.0,43605.63,2.0,6976.900799999999
448,449,newvolgavideo,Volga Video,Creator,15200000,India,3200.0,27.0,1.0,4.32
449,450,mkmusicnews,MK MUSIC,Music & Dance,15200000,Brazil,19800.0,1800.0,35.0,288.0
450,451,TheRichest,TheRichest,News & Politics,15200000,United States,14200.0,513.0,79.0,82.08
451,452,Super Senya,Super Senya,Animation,15200000,Not-Reveal,65000.0,374.0,2074.21,59.84
452,453,TalkingFriends,Talking Tom & Friends,Animation,15200000,United States,191100.0,1700.0,2074.21,272.0
453,454,حِرف إبداعية في 5 دقائق,حِرف إبداعية في 5 دقائق,Creator,15200000,Egypt,28700.0,230.0,7.0,36.800000000000004
454,455,bbchindi,BBC News Hindi,News & Politics,15200000,India,140000.0,43605.63,269.0,6976.900799999999
455,456,narendramodionline,NMF News,News & Politics,15200000,India,14300.0,307.0,29.0,49.120000000000005
456,457,News18 India,News18 India,News & Politics,15200000,India,1100.0,23.0,1.0,3.68
457,458,ndtvindia,NDTV India,News & Politics,15100000,India,9400.0,237.0,20.0,37.92
458,459,Fun For Kids TV - Hindi Rhymes,Fun For Kids TV - Hindi Rhymes,Creator,15100000,Not-Reveal,250500.0,1400.0,2074.21,224.0
459,460,La Rosa de Guadalupe,La Rosa de Guadalupe,Creator,15100000,Mexico,33800.0,992.0,16.0,158.72
460,461,SMOL,SMOL,Creator,15100000,India,354600.0,13900.0,12.0,2224.0
461,462,ranziscool,Ranz Kyle,Humor,15000000,Philippines,684800.0,25700.0,291.0,4112.0
462,463,thairathonline,Thairath Online,News & Politics,15000000,Thailand,10900.0,162.0,15.0,25.92
463,464,TWICE,TWICE,Music & Dance,15000000,Philippines,545500.0,64900.0,843.0,10384.0
464,465,pognalishow,Дима Масленников,Video games,15000000,Russia,4800000.0,408600.0,18500.0,65376.0
465,466,Mariale,Mariale,Creator,15000000,Mexico,73500.0,4100.0,210.0,656.0
466,467,RiotGamesInc,League of Legends,Movies,15000000,United States,1400000.0,48200.0,3400.0,7712.0
467,468,Niana Guerrero,Niana Guerrero,Music & Dance,15000000,Philippines,437600.0,18600.0,814.0,2976.0
468,469,TeamFilmsBhojpuri,Team Films Bhojpuri,Music & Dance,15000000,India,16700.0,583.0,39.0,93.28
469,470,BollywoodClassics,Bollywood Classics,Music & Dance,15000000,India,22400.0,165.0,7.0,26.400000000000002
470,471,unknown boy varun,unknown boy varun,Music & Dance,15000000,India,4500000.0,589000.0,572.0,94240.0
471,472,LinusTechTips,Linus Tech Tips,Science & Technology,15000000,United States,1400000.0,62900.0,2800.0,10064.0
472,473,Dave and Ava - Nursery Rhymes and Baby Songs,Dave and Ava - Nursery Rhymes and Baby Songs,Education,15000000,Not-Reveal,102500.0,395.0,2074.21,63.2
473,474,Lachlan,Lachlan,Video games,14800000,United States,333000.0,15900.0,327.0,2544.0
474,475,zncoficial,Zé Neto e Cristiano,Creator,14800000,Brazil,18900.0,1600.0,21.0,256.0
475,476,ERB,ERB,Music & Dance,14800000,United States,2400000.0,167200.0,20900.0,26752.0
476,477,kwebbelkop,Kwebbelkop,Animation,14800000,United States,68300.0,1600.0,188.0,256.0
477,478,Alan Chikin Chow,Alan Chikin Chow,Creator,14800000,India,4600000.0,138800.0,245.0,22208.0
478,479,Totoy kids - Español,Totoy kids - Español,Toys,14800000,Not-Reveal,50400.0,1300.0,2074.21,208.0
479,480,jemproducoes,Jorge & Mateus Oficial,Music & Dance,14800000,Brazil,16600.0,921.0,34.0,147.36
480,481,iTownGamePlay,iTownGamePlay *Terror&Diversión*,News & Politics,14800000,Mexico,65800.0,4400.0,178.0,704.0
481,482,majorlazer,Major Lazer Official,Music & Dance,14800000,United States,13300.0,574.0,13.0,91.84
482,483,It's Mamix,It's Mamix,DIY & Life Hacks,14800000,Russia,3900000.0,230100.0,8600.0,36816.0
483,484,ChallengeAcceptedInc,Aphmau,Animation,14800000,United States,2300000.0,54900.0,3500.0,8784.0
484,485,Johny FamilyShow,Johny FamilyShow,Music & Dance,14800000,Not-Reveal,95000.0,257.0,2074.21,41.12
485,486,Daftar Populer,Daftar Populer,News & Politics,14800000,Indonesia,49200.0,1100.0,92.0,176.0
486,487,Planeta das Gêmeas,Planeta das Gêmeas,Toys,14800000,Not-Reveal,539800.0,23500.0,56.0,3760.0
487,488,Zach King,Zach King,Movies,14800000,United States,1300000.0,28500.0,2700.0,4560.0
488,489,Mobile Legends: Bang Bang Official,Mobile Legends: Bang Bang Official,Movies,14700000,Indonesia,599700.0,3600.0,48.0,576.0
489,490,MSA previously My Story Animated,MSA previously My Story Animated,Animation,14700000,United States,6400000.0,164100.0,5000.0,26256.0
490,491,les boys tv2,les boys tv2,Sports,14700000,France,49700.0,43605.63,2074.21,6976.900799999999
491,492,XpressTV,XpressTV,Science & Technology,14700000,Mexico,1100000.0,42200.0,380.0,6752.0
492,493,Maha Fun Tv,Maha Fun Tv,Creator,14700000,India,958200.0,6000.0,244.0,960.0
493,494,LEGENDA FUNK,LEGENDA FUNK,Music & Dance,14600000,Brazil,3800.0,224.0,6.0,35.84
494,495,Arif muhammad,Arif muhammad,Music & Dance,14600000,Indonesia,2600000.0,65600.0,2100.0,10496.0
495,496,حقائق وأسرار,حقائق وأسرار,Creator,14600000,Egypt,20500.0,1100.0,55.0,176.0
496,497,Unspeakable,Unspeakable,Video games,14600000,United States,3900000.0,59600.0,5600.0,9536.0
497,498,IDEIAS INCRÍVEIS,IDEIAS INCRÍVEIS,Creator,14600000,Brazil,11500.0,182.0,5.0,29.12
498,499,FueledByRamen,Fueled By Ramen,Creator,14600000,United States,82400.0,1800.0,119.0,288.0
499,500,Taarak Mehta Ka Ooltah Chashmah,Taarak Mehta Ka Ooltah Chashmah,Creator,14600000,India,161800.0,2900.0,48.0,464.0
500,501,MattyBRaps,MattyBRaps,Music & Dance,14600000,United States,27500.0,735.0,2074.21,117.60000000000001
501,502,IISuperwomanII,Lilly Singh,Animation,14600000,United States,43000.0,2400.0,71.0,384.0
502,503,collegehumor,CollegeHumor,Movies,14600000,United States,251100.0,17200.0,600.0,2752.0
503,504,zeefilmimusic,Zee Music Classic,Creator,14600000,India,3500.0,55.0,2.0,8.8
504,505,PlayStation,PlayStation,Creator,14600000,United States,33300.0,1200.0,112.0,192.0
505,506,Drawblogs,Drawblogs,Movies,14600000,Mexico,221500.0,3200.0,134.0,512.0
506,507,CNN,CNN,Music & Dance,14600000,United States,259500.0,3600.0,1800.0,576.0
507,508,UFC,UFC - Ultimate Fighting Championship,Sports,14600000,United States,63200.0,1400.0,239.0,224.0
508,509,Genierock,Genierock,Music & Dance,14600000,Thailand,327600.0,8300.0,315.0,1328.0
509,510,Canal Nostalgia,Canal Nostalgia,Science & Technology,14600000,Not-Reveal,44900.0,6100.0,155.0,976.0
510,511,Azhan5star,Azhan5star,Creator,14500000,India,453000.0,25900.0,89.0,4144.0
511,512,Tsuriki Show,Tsuriki Show,Creator,14500000,India,180600.0,5800.0,8.0,928.0
512,513,Gyan Gamingㅤ,Gyan Gamingㅤ,Creator,14500000,India,233800.0,24600.0,403.0,3936.0
513,514,Boram Tube ToysReview [보람튜브 토이리뷰],Boram Tube ToysReview [보람튜브 토이리뷰],Daily vlogs,14400000,Not-Reveal,16800.0,154.0,2074.21,24.64
514,515,TheABSCBNNews,ABS-CBN News,News & Politics,14400000,Philippines,6300.0,51.0,5.0,8.16
515,516,Super Polina,Super Polina,Creator,14400000,Russia,1700.0,16.0,2074.21,2.56
516,517,chadwildclay,Chad Wild Clay,Movies,14400000,United States,1100000.0,24800.0,4400.0,3968.0
517,518,MartinGarrix,Martin Garrix,Music & Dance,14400000,United States,35200.0,3300.0,73.0,528.0
518,519,PANDA BOI,PANDA BOI,Creator,14400000,India,2300000.0,235200.0,3400.0,37632.0
519,520,Blippi Español,Blippi Español,Toys,14400000,Not-Reveal,167400.0,747.0,2074.21,119.52
520,521,O Canal do Joãozinho - Little Angel Português,O Canal do Joãozinho - Little Angel Português,Animation,14400000,Not-Reveal,514700.0,2900.0,2074.21,464.0
521,522,Daily Dose Of Internet,Daily Dose Of Internet,Animals & Pets,14400000,United States,6000000.0,279200.0,8000.0,44672.0
522,523,Pragati Verma Shorts,Pragati Verma Shorts,Creator,14300000,India,2200000.0,139900.0,656.0,22384.0
523,524,A2 Motivation by Arvind Arora,A2 Motivation by Arvind Arora,Creator,14300000,India,288100.0,40300.0,161.0,6448.0
524,525,انصالة فاميلي I أنس و أصالة,انصالة فاميلي I أنس و أصالة,Creator,14300000,Egypt,1200000.0,104500.0,3200.0,16720.0
525,526,CH8vdo,ช่อง8 : Thai Ch8,Creator,14300000,Thailand,2300.0,26.0,2074.21,4.16
526,527,fcbarcelona,FC Barcelona,Sports,14200000,United States,119200.0,7900.0,185.0,1264.0
527,528,Трум Трум,Трум Трум,Humor,14200000,Not-Reveal,324600.0,3100.0,179.0,496.0
528,529,inventonahoratv,Invento na Hora,Animation,14200000,Brazil,827200.0,111500.0,1700.0,17840.0
529,530,DM - Desi Melodies,DM - Desi Melodies,Music & Dance,14200000,India,54200.0,2300.0,108.0,368.0
530,531,camilaloures,Camila Loures,Movies,14200000,Brazil,186400.0,17000.0,297.0,2720.0
531,532,Vlad and Niki ARA,Vlad and Niki ARA,Creator,14200000,Not-Reveal,82200.0,858.0,2074.21,137.28
532,533,EdisonPts,EdisonPts,Video games,14200000,Russia,1800000.0,126800.0,5500.0,20288.0
533,534,crashcourse,CrashCourse,Science & Technology,14200000,United States,40800.0,2400.0,165.0,384.0
534,535,OfficialTrapCity,Trap City,Music & Dance,14200000,United States,22600.0,1200.0,46.0,192.0
535,536,Kim Loaiza,Kim Loaiza,Music & Dance,14200000,Mexico,28600000.0,1100000.0,104700.0,176000.0
536,537,MazhavilManorama,Mazhavil Manorama,Creator,14200000,India,26200.0,299.0,8.0,47.84
537,538,MasterskayaNastroeny,Мастерская Настроения,Movies,14200000,Russia,294000.0,6500.0,143.0,1040.0
538,539,Doc Tops,Doc Tops,Animation,14200000,Mexico,403000.0,22900.0,448.0,3664.0
539,540,whoisjimmy,How Ridiculous,Video games,14200000,United States,359100.0,13800.0,89.0,2208.0
540,541,#Refugio Mental,#Refugio Mental,Movies,14200000,Argentina,262700.0,4000.0,67.0,640.0
541,542,Hongyu ASMR 홍유,Hongyu ASMR 홍유,ASMR,14100000,United States,620800.0,12000.0,369.0,1920.0
542,543,Akshay Nagwadiya,Akshay Nagwadiya,Creator,14100000,India,1300000.0,80200.0,412.0,12832.0
543,544,MY FAMILY,MY FAMILY,Creator,14100000,India,895700.0,4500.0,105.0,720.0
544,545,Sagawa /さがわ,Sagawa /さがわ,Creator,14100000,United States,164700.0,1500.0,34.0,240.0
545,546,mispastelitosyoutub,Mis Pastelitos,Food & Drinks,14000000,Mexico,510400.0,24600.0,1400.0,3936.0
546,547,Auron,Auron,Video games,14000000,Mexico,1500000.0,83800.0,1400.0,13408.0
547,548,MNCTVOfficial,MNCTV OFFICIAL,Music & Dance,14000000,Indonesia,3400.0,68.0,3.0,10.88
548,549,bomberball,Bie The Ska,Creator,14000000,Thailand,310700.0,11000.0,468.0,1760.0
549,550,AM3NlC,AM3NlC,Food & Drinks,14000000,Brazil,228300.0,26600.0,354.0,4256.0
550,551,F2Freestylers,F2Freestylers - Ultimate Soccer Skills Channel,Sports,14000000,United Kingdom,408500.0,17500.0,381.0,2800.0
551,552,NikkieTutorials,NikkieTutorials,Design/art,14000000,United States,353800.0,20500.0,491.0,3280.0
552,553,RosannaPansino,Rosanna Pansino,DIY & Life Hacks,14000000,United States,81600.0,5700.0,67.0,912.0
553,554,Spider Slack,Spider Slack,Creator,14000000,Brazil,821800.0,98900.0,181.0,15824.0
554,555,SrtaLynaV,Lyna,Movies,14000000,Mexico,340700.0,18500.0,994.0,2960.0
555,556,Aadishakti Films,Aadishakti Films,Music & Dance,14000000,Not-Reveal,25300.0,1200.0,124.0,192.0
556,557,5-Minute Crafts Recycle,5-Minute Crafts Recycle,Creator,13900000,India,36800.0,293.0,9.0,46.88
557,558,gmmchannel,GMM25Thailand,Creator,13900000,Thailand,1700.0,53.0,1.0,8.48
558,559,ADEL et SAMI,ADEL et SAMI,Music & Dance,13900000,France,33900.0,176.0,2074.21,28.16
559,560,NehaKakkarOfficial,Neha Kakkar,Music & Dance,13900000,India,496100.0,34900.0,399.0,5584.0
560,561,Harry Styles,Harry Styles,Music & Dance,13900000,United States,718500.0,122600.0,5900.0,19616.0
561,562,Zig & Sharko,Zig & Sharko,Creator,13800000,Not-Reveal,75400.0,762.0,2074.21,121.92
562,563,dangmattsmith,DangMattSmith,Animation,13800000,Not-Reveal,170500.0,5800.0,977.0,928.0
563,564,vetealaversha,Darkar Company Studios,Animation,13800000,Mexico,310300.0,43800.0,2800.0,7008.0
564,565,ABCNews,ABC News,News & Politics,13800000,United States,11200.0,130.0,109.0,20.8
565,566,NOBRU,NOBRU,Video games,13800000,Brazil,273700.0,27400.0,124.0,4384.0
566,567,TazerCraft,TazerCraft,Movies,13800000,Brazil,211100.0,15900.0,859.0,2544.0
567,568,The MriDul,The MriDul,Creator,13800000,India,5600000.0,239700.0,14500.0,38352.0
568,569,MAIKI021,MAIKI021,Movies,13800000,Brazil,17800.0,2400.0,70.0,384.0
569,570,telemundotv,Telemundo,Creator,13800000,Argentina,7700.0,346.0,13.0,55.36
570,571,ГЛЕНТ,ГЛЕНТ,Video games,13700000,Russia,2300000.0,164500.0,6400.0,26320.0
571,572,Dear Sir,Dear Sir,Education,13700000,India,95300.0,6300.0,733.0,1008.0
572,573,Wish 107.5,Wish 107.5,Music & Dance,13600000,Philippines,32000.0,942.0,95.0,150.72
573,574,WWWengie,Wengie,DIY & Life Hacks,13600000,United States,35000.0,2600.0,55.0,416.0
574,575,ZEE5,ZEE5,Creator,13600000,India,416.0,4.0,2074.21,0.64
575,576,SRKASSAMESE,SRK MUSIC,Music & Dance,13600000,India,109300.0,7400.0,131.0,1184.0
576,577,KompasTVNews,KOMPASTV,News & Politics,13600000,Indonesia,4500.0,44.0,13.0,7.04
577,578,Infobells Bangla,Infobells Bangla,Education,13600000,Not-Reveal,42300.0,162.0,2074.21,25.92
578,579,Narins Beauty,Narins Beauty,Creator,13600000,Iraq,1900000.0,132000.0,10300.0,21120.0
579,580,TV Ana Emilia,TV Ana Emilia,Creator,13600000,Mexico,187200.0,9100.0,337.0,1456.0
580,581,jordanmatter,Jordan Matter,Music & Dance,13600000,United States,4900000.0,80800.0,7800.0,12928.0
581,582,OReinho,O Reino Infantil,Music & Dance,13600000,Not-Reveal,53200.0,221.0,2074.21,35.36
582,583,Like Nastya Stories,Like Nastya Stories,Creator,13600000,Not-Reveal,179700.0,1200.0,2074.21,192.0
583,584,HusamYK,Katakit Baby TV,Music & Dance,13600000,Saudi Arabia,80800.0,802.0,2074.21,128.32
584,585,FAPtivi,FAPTV,Animation,13600000,United States,2400000.0,41800.0,719.0,6688.0
585,586,PrestonPlayz,PrestonPlayz,Animation,13600000,United States,915700.0,32700.0,1800.0,5232.0
586,587,Coke Studio,Coke Studio,Music & Dance,13600000,Pakistan,46700.0,1300.0,81.0,208.0
587,588,The World Adventures हिन्दी,The World Adventures हिन्दी,Daily vlogs,13600000,Not-Reveal,10700.0,668.0,28.0,106.88
588,589,bandagarotasafada,Wesley Safadão,Music & Dance,13600000,Brazil,3200000.0,25800.0,370.0,4128.0
589,590,boplayhard,PlayHard,Creator,13600000,Brazil,136800.0,13200.0,123.0,2112.0
590,591,123 GO! Spanish,123 GO! Spanish,Animation,13500000,Mexico,234600.0,2500.0,49.0,400.0
591,592,bbcnews,BBC News,News & Politics,13500000,United States,120200.0,1700.0,891.0,272.0
592,593,AtlanticVideos,Atlantic Records,Music & Dance,13500000,United States,7600.0,335.0,4.0,53.6
593,594,Online Job,Online Job,Creator,13500000,India,6800.0,166.0,26.0,26.560000000000002
594,595,lindseystomp,Lindsey Stirling,Music & Dance,13400000,United States,175500.0,9400.0,131.0,1504.0
595,596,hamaarbhojpuri,T-Series Hamaar Bhojpuri,Music & Dance,13400000,India,7700.0,256.0,26.0,40.96
596,597,MyMissAnand,MyMissAnand,Movies,13400000,India,1200000.0,25800.0,2074.21,4128.0
597,598,AzzyLand,AzzyLand,Animation,13400000,United States,58300.0,4000.0,654.0,640.0
598,599,Ben Azelart,Ben Azelart,Video games,13400000,United States,4700000.0,118200.0,8400.0,18912.0
599,600,Bispo Bruno Leonardo,Bispo Bruno Leonardo,Music & Dance,13400000,Brazil,1300000.0,391200.0,322400.0,62592.0
600,601,PowerfulJRE,PowerfulJRE,Daily vlogs,13400000,United States,1200000.0,22000.0,4800.0,3520.0
601,602,H2ODelirious,H2ODelirious,Animation,13400000,United States,93400.0,5500.0,260.0,880.0
602,603,ETV Jabardasth,ETV Jabardasth,Creator,13400000,India,78200.0,1400.0,26.0,224.0
603,604,Marta and Rustam,Marta and Rustam,Creator,13300000,India,665200.0,27600.0,59.0,4416.0
604,605,RayWilliamJohnson,Ray William Johnson,Animation,13300000,United States,2100000.0,188600.0,2200.0,30176.0
605,606,Yoeslan,Yoeslan,Creator,13300000,India,1700000.0,40100.0,68.0,6416.0
606,607,Desi Gamers,Desi Gamers,Creator,13300000,India,504000.0,77800.0,4400.0,12448.0
607,608,iloveindianmakeup,Anaysa,Movies,13200000,India,794600.0,18200.0,616.0,2912.0
608,609,The Q,The Q,Creator,13200000,United States,419500.0,11300.0,611.0,1808.0
609,610,theRadBrad,theRadBrad,Video games,13200000,United States,129000.0,7700.0,781.0,1232.0
610,611,Sony Music South,Sony Music South,Movies,13200000,India,30300.0,633.0,21.0,101.28
611,612,PozzitifonShow,Поззи,Video games,13200000,Russia,579200.0,22300.0,1300.0,3568.0
612,613,skillzaisherebooya,Conor Maynard,Music & Dance,13200000,United States,594100.0,30700.0,1200.0,4912.0
613,614,The LaBrant Fam,The LaBrant Fam,Music & Dance,13200000,United States,814700.0,25200.0,2074.21,4032.0
614,615,SaturdayNightLive,Saturday Night Live,Movies,13200000,United States,115500.0,4200.0,165.0,672.0
615,616,NishaMadhulika,NishaMadhulika,Food & Drinks,13200000,India,185400.0,4100.0,673.0,656.0
616,617,CrazyFrogVEVO,Crazy Frog,Music & Dance,13200000,United States,,43605.63,2074.21,6976.900799999999
617,618,disneyjunior,Disney Junior,Music & Dance,13200000,Not-Reveal,74400.0,213.0,2074.21,34.08
618,619,Narendra Modi,Narendra Modi,Science & Technology,13100000,India,16300.0,865.0,60.0,138.4
619,620,Zeinab Harake,Zeinab Harake,Daily vlogs,13100000,Philippines,2300000.0,117300.0,2700.0,18768.0
620,621,Alex Gonzaga Official,Alex Gonzaga Official,Music & Dance,13100000,Philippines,2100000.0,69400.0,2600.0,11104.0
621,622,StudyIQ IAS,StudyIQ IAS,Education,13000000,India,10800.0,492.0,13.0,78.72
622,623,rebeccazamolo1,Rebecca Zamolo,Video games,13000000,United States,3800000.0,71900.0,3300.0,11504.0
623,624,tseriesregional,T-Series Regional,Music & Dance,13000000,India,4500.0,82.0,8.0,13.120000000000001
624,625,RedeTVhdBrasil,RedeTV,News & Politics,13000000,Brazil,3300.0,124.0,3.0,19.84
625,626,zeetvtelugu,Zee Telugu,Creator,13000000,India,9000.0,124.0,2.0,19.84
626,627,BBC,BBC,Movies,13000000,United Kingdom,27200.0,685.0,22.0,109.60000000000001
627,628,MattSDance,Matt Steffanina,Music & Dance,13000000,United States,99700.0,4700.0,96.0,752.0
628,629,JDCav24,ATHLEAN-X™,Fitness,13000000,United States,210300.0,11400.0,1100.0,1824.0
629,630,ماشا و الدب,ماشا و الدب,Creator,13000000,Not-Reveal,683300.0,5800.0,2074.21,928.0
630,631,typicalgamer,Typical Gamer,Video games,13000000,United States,275000.0,9200.0,396.0,1472.0
631,632,LeoNata Family,LeoNata Family,Creator,13000000,United States,45300.0,303.0,8.0,48.480000000000004
632,633,Crescendo com Luluca,Crescendo com Luluca,Toys,13000000,Brazil,508700.0,31500.0,2300.0,5040.0
633,634,O Que Não Dizer Oficial,O Que Não Dizer Oficial,Movies,13000000,Brazil,49200.0,5200.0,33.0,832.0
634,635,VexTrex,VexTrex,Creator,13000000,Not-Reveal,60000.0,43605.63,2074.21,6976.900799999999
635,636,einerdtv,Ei Nerd,Movies,13000000,Brazil,286900.0,42300.0,1200.0,6768.0
636,637,jazzghost1,Jazzghost,Animation,13000000,Brazil,598200.0,44600.0,1700.0,7136.0
637,638,MstrJames,Hacksmith,Video games,13000000,United States,134600.0,7400.0,117.0,1184.0
638,639,Lady Diana,Lady Diana,Music & Dance,13000000,Russia,1900000.0,63600.0,2300.0,10176.0
639,640,أترو/Atro,أترو/Atro,Creator,12900000,Iraq,402900.0,49500.0,5400.0,7920.0
640,641,Juliana Baltar,Juliana Baltar,Movies,12900000,Brazil,326000.0,16000.0,596.0,2560.0
641,642,karameeshchannel,karameeshchannel,Music & Dance,12800000,Jordan,196000.0,1500.0,2074.21,240.0
642,643,MusicTalentNow,Top Viral Talent,Creator,12800000,United States,18900.0,322.0,10.0,51.52
643,644,JOJO TV - Hindi Stories,JOJO TV - Hindi Stories,Creator,12800000,India,53600.0,394.0,2074.21,63.04
644,645,GoldClassics,Goldmines Premiere,Creator,12800000,Not-Reveal,5200.0,123.0,2074.21,19.68
645,646,MrSuicideSheep,MrSuicideSheep,Creator,12800000,United States,45700.0,2500.0,46.0,400.0
646,647,#Refúgio Mental,#Refúgio Mental,Movies,12800000,Brazil,142100.0,4900.0,52.0,784.0
647,648,gymvirtual,gymvirtual,Music & Dance,12800000,Mexico,87000.0,3400.0,54.0,544.0
648,649,storybots,Netflix Jr.,Animation,12800000,Not-Reveal,16800.0,105.0,2074.21,16.8
649,650,Knowledge Tv हिन्दी,Knowledge Tv हिन्दी,Education,12800000,India,37300.0,1600.0,69.0,256.0
650,651,zeebangla,Zee Bangla,Creator,12800000,India,5100.0,56.0,2074.21,8.96
651,652,awakeningrecords,Awakening Music,Music & Dance,12800000,Indonesia,14200.0,1500.0,45.0,240.0
652,653,MrSirpirriplin,Ami Rodriguez,Creator,12800000,Colombia,1300000.0,147200.0,327.0,23552.0
653,654,BIBO와 장난감,BIBO와 장난감,Creator,12800000,Not-Reveal,36400.0,43605.63,2074.21,6976.900799999999
654,655,Mythpat,Mythpat,Creator,12700000,India,1600000.0,180000.0,10100.0,28800.0
655,656,Health Time,Health Time,Daily vlogs,12700000,India,5500.0,205.0,8.0,32.8
656,657,Blossom,Blossom,Creator,12600000,United States,18800.0,348.0,7.0,55.68
657,658,Blockbuster Movies,Blockbuster Movies,Daily vlogs,12600000,India,85700.0,563.0,11.0,90.08
658,659,Brawl Stars,Brawl Stars,Animation,12600000,United States,852700.0,58500.0,1600.0,9360.0
659,660,thinkmusicindia,Think Music India,Music & Dance,12600000,India,57000.0,2400.0,23.0,384.0
660,661,Kabita's Kitchen,Kabita's Kitchen,Creator,12600000,India,140000.0,4100.0,387.0,656.0
661,662,gmanews,GMA News,News & Politics,12600000,Philippines,2500.0,27.0,5.0,4.32
662,663,kidstvindia,Kids TV India Hindi Nursery Rhymes,Education,12600000,Not-Reveal,112100.0,604.0,2074.21,96.64
663,664,Come Play With Me,Come Play With Me,Toys,12600000,Not-Reveal,920800.0,43605.63,2074.21,6976.900799999999
664,665,Melon City Show - برنامج ولاية بطيخ,Melon City Show - برنامج ولاية بطيخ,Creator,12600000,Iraq,217600.0,13700.0,183.0,2192.0
665,666,AdexeOficial,Adexe & Nau,Music & Dance,12600000,Mexico,23300.0,2400.0,147.0,384.0
666,667,TheDodoSite,The Dodo,Animals & Pets,12600000,United States,256200.0,13500.0,608.0,2160.0
667,668,runway19co,KOYA with,Toys,12600000,Not-Reveal,29500.0,841.0,2074.21,134.56
668,669,Trakin Tech,Trakin Tech,News & Politics,12600000,India,325500.0,22700.0,1400.0,3632.0
669,670,1032010814,TKOR,DIY & Life Hacks,12600000,United States,40400.0,1200.0,74.0,192.0
670,671,FIFATV,FIFA,Sports,12600000,United States,21200.0,1000.0,45.0,160.0
671,672,canalparafernalha,Parafernalha,Creator,12600000,Brazil,11300.0,821.0,9.0,131.36
672,673,TheInfographicsShow,The Infographics Show,Education,12600000,United States,307500.0,12700.0,661.0,2032.0
673,674,caseyneistat,CaseyNeistat,Daily vlogs,12600000,United States,1400000.0,87400.0,5300.0,13984.0
674,675,Piuzinho,Piuzinho,Animation,12600000,Brazil,239900.0,60800.0,1600.0,9728.0
675,676,My Mate Nate,My Mate Nate,Creator,12600000,Thailand,1500000.0,48700.0,1100.0,7792.0
676,677,OficialPeppa,Peppa Pig em Português Brasil - Canal Oficial,Movies,12500000,Not-Reveal,400400.0,3000.0,2074.21,480.0
677,678,Jamuna TV,Jamuna TV,News & Politics,12500000,Bangladesh,18400.0,550.0,39.0,88.0
678,679,Meghan Trainor,Meghan Trainor,Music & Dance,12500000,United States,86200.0,4600.0,113.0,736.0
679,680,Codiscos,Codiscos,Music & Dance,12500000,Not-Reveal,15600.0,275.0,11.0,44.0
680,681,Troom Troom India,Troom Troom India,Creator,12500000,India,171500.0,1500.0,32.0,240.0
681,682,elliegoulding,elliegoulding,Music & Dance,12500000,United States,16900.0,1100.0,49.0,176.0
682,683,IShowSpeed,IShowSpeed,Video games,12500000,United States,2300000.0,101700.0,3000.0,16272.0
683,684,Troom Troom PT,Troom Troom PT,Toys,12500000,Brazil,55700.0,1300.0,21.0,208.0
684,685,LOUD,LOUD,Creator,12500000,Brazil,118300.0,13600.0,337.0,2176.0
685,686,TalkingAngelaCat,Talking Angela,Creator,12500000,United States,4000000.0,1900.0,2074.21,304.0
686,687,DeGoBooM,DeGoBooM,Movies,12400000,Mexico,166500.0,5600.0,48.0,896.0
687,688,geonews,Geo News,News & Politics,12400000,Pakistan,5700.0,80.0,8.0,12.8
688,689,htbhakti,Sonotek Bhakti,Music & Dance,12400000,India,26500.0,609.0,37.0,97.44
689,690,TastyCompot,Compot,Video games,12400000,Russia,1200000.0,50300.0,1900.0,8048.0
690,691,Gibby :),Gibby :),Movies,12400000,Mexico,52100.0,3600.0,307.0,576.0
691,692,LittleBabyBumEspanol,Little Baby Bum en Español,Education,12400000,Not-Reveal,12600.0,42.0,2074.21,6.72
692,693,React,People Vs Food,Food & Drinks,12400000,United States,372500.0,15400.0,916.0,2464.0
693,694,Technology Gyan,Technology Gyan,Creator,12400000,India,560000.0,41300.0,2000.0,6608.0
694,695,HZHtube Kids Fun,HZHtube Kids Fun,Animation,12400000,Not-Reveal,75100.0,377.0,2074.21,60.32
695,696,JustForLaughsTV,Just For Laughs Gags,Creator,12400000,United States,33000.0,619.0,20.0,99.04
696,697,Americanvogue,Vogue,Fashion,12400000,United States,662400.0,10400.0,234.0,1664.0
697,698,officialjassrecords,Jass Records,Music & Dance,12400000,India,146700.0,2500.0,139.0,400.0
698,699,RaptorGamer,RaptorGamer,Animation,12400000,Mexico,302200.0,24300.0,714.0,3888.0
699,700,E-MasterSensei,E-MasterSensei,Movies,12400000,Mexico,881100.0,54000.0,1000.0,8640.0
700,701,DisneyChannelUK,DisneyChannelUK,Movies,12400000,Not-Reveal,32100.0,793.0,2074.21,126.88000000000001
701,702,E-MasterSensei,E-MasterSensei,Movies,12400000,Mexico,881100.0,54000.0,1000.0,8640.0
702,703,officialfuturevideos,Future,Music & Dance,12300000,United States,152300.0,7600.0,376.0,1216.0
703,704,Its JoJo Siwa,Its JoJo Siwa,Music & Dance,12300000,Not-Reveal,1100000.0,43100.0,905.0,6896.0
704,705,TV9 Bharatvarsh,TV9 Bharatvarsh,News & Politics,12300000,India,5000.0,104.0,4.0,16.64
705,706,Republic Bharat,Republic Bharat,News & Politics,12300000,India,4000.0,43605.63,4.0,6976.900799999999
706,707,Danny Fitt,Danny Fitt,Creator,12300000,Mexico,391500.0,24700.0,123.0,3952.0
707,708,ndtv,NDTV,News & Politics,12200000,India,2700.0,30.0,7.0,4.8
708,709,Más SKabeche,Más SKabeche,Creator,12200000,Mexico,1100000.0,53900.0,1300.0,8624.0
709,710,Bela Bagunça,Bela Bagunça,Movies,12200000,Brazil,170600.0,5700.0,394.0,912.0
710,711,Yudist Ardhana,Yudist Ardhana,Movies,12200000,Indonesia,325600.0,8600.0,288.0,1376.0
711,712,BanderitaX,BanderitaX,Animation,12200000,Saudi Arabia,611600.0,55300.0,2300.0,8848.0
712,713,TheDaniRep,DaniRep | +6 Vídeos Diarios De GTA 5 Online!,Animation,12200000,Mexico,60300.0,6600.0,26.0,1056.0
713,714,lucygerardi43,Luli Pampín,Music & Dance,12200000,Not-Reveal,1500000.0,4100.0,2074.21,656.0
714,715,Mrwhosetheboss,Mrwhosetheboss,Science & Technology,12200000,United States,3600000.0,166600.0,7400.0,26656.0
715,716,Panda,Panda,Animation,12200000,India,472500.0,42300.0,1400.0,6768.0
716,717,Rauw Alejandro,Rauw Alejandro,Music & Dance,12200000,Peru,941300.0,54000.0,361.0,8640.0
717,718,CHHOTU KI MASTI,CHHOTU KI MASTI,Creator,12200000,India,7000000.0,58000.0,587.0,9280.0
718,719,N1Noobtubers,웃웃TwinsFromRussia,Daily vlogs,12200000,United States,73000.0,3000.0,14.0,480.0
719,720,Indore Physical Academy,Indore Physical Academy,Creator,12100000,India,69900.0,5500.0,95.0,880.0
720,721,KapilComedyNights,Colors Rishtey,Creator,12100000,India,4400.0,53.0,2.0,8.48
721,722,WiederDude,WiederDude,Creator,12100000,United States,1200000.0,18400.0,334.0,2944.0
722,723,Ice Cream Rolls,Ice Cream Rolls,Creator,12100000,United States,42300.0,1500.0,106.0,240.0
723,724,AvrilLavigne,Avril Lavigne,Music & Dance,12100000,United States,60400.0,3800.0,97.0,608.0
724,725,tuzelity SHUFFLE,tuzelity SHUFFLE,Creator,12100000,India,674600.0,46400.0,258.0,7424.0
725,726,RS 1313 SHORTS,RS 1313 SHORTS,Creator,12100000,India,97400.0,3700.0,11.0,592.0
726,727,YairAuriazul,Yair17,Movies,12100000,Mexico,176900.0,26400.0,675.0,4224.0
727,728,Vlad and Niki PRT,Vlad and Niki PRT,Creator,12100000,Not-Reveal,467600.0,43605.63,2074.21,6976.900799999999
728,729,Луномосик,Луномосик,Video games,12000000,Russia,292400.0,12200.0,581.0,1952.0
729,730,Lulu99,Lulu99,Creator,12000000,Colombia,737600.0,34500.0,1800.0,5520.0
730,731,MrTimbaVk,Timba Vk,Animation,12000000,Mexico,846800.0,34900.0,848.0,5584.0
731,732,Влад и Никита,Влад и Никита,Toys,12000000,Not-Reveal,557000.0,2600.0,2074.21,416.0
732,733,TiempodeSol,Duo Tiempo De Sol,Music & Dance,12000000,Not-Reveal,67200.0,388.0,2074.21,62.08
733,734,infobellskannada,infobells - Kannada,Education,12000000,Not-Reveal,167100.0,711.0,2074.21,113.76
734,735,colinfurze,colinfurze,Video games,12000000,United States,466600.0,15000.0,421.0,2400.0
735,736,Troom Troom Indonesia,Troom Troom Indonesia,Music & Dance,12000000,Indonesia,110300.0,1300.0,58.0,208.0
736,737,Natti Natasha,Natti Natasha,Music & Dance,12000000,United States,24400.0,2100.0,35.0,336.0
737,738,emma chamberlain,emma chamberlain,Food & Drinks,12000000,United States,2400000.0,156000.0,4800.0,24960.0
738,739,Nat and Essie,Nat and Essie,Toys,12000000,United States,42200.0,1000.0,4.0,160.0
739,740,eltreceok,El Trece,News & Politics,12000000,Not-Reveal,4400.0,41.0,9.0,6.5600000000000005
740,741,Planet Earth INDIA,Planet Earth INDIA,Daily vlogs,12000000,India,40300.0,1500.0,91.0,240.0
741,742,YoungBoy Never Broke Again,YoungBoy Never Broke Again,Music & Dance,12000000,United States,719900.0,30000.0,1200.0,4800.0
742,743,Mor Haryanvi,Mor Haryanvi,Music & Dance,12000000,India,597100.0,10800.0,839.0,1728.0
743,744,办公室小野 Ms Yeah,办公室小野 Ms Yeah,Creator,12000000,United States,443400.0,35800.0,29.0,5728.0
744,745,123 GO!,123 GO!,DIY & Life Hacks,11900000,United States,313700.0,2200.0,68.0,352.0
745,746,CNCO,CNCO,Music & Dance,11900000,Mexico,14000.0,2500.0,81.0,400.0
746,747,Kluna Tik,Kluna Tik,Creator,11800000,United States,76100.0,1700.0,104.0,272.0
747,748,elrubius,Rubius Z,Movies,11800000,Mexico,1300000.0,102700.0,1300.0,16432.0
748,749,Hero Movies 2022,Hero Movies 2022,Daily vlogs,11800000,India,54000.0,422.0,7.0,67.52
749,750,MrGear,MrGear,Creator,11800000,United States,8600.0,191.0,28.0,30.560000000000002
750,751,TTfue,Tfue,Animation,11800000,United States,116500.0,5100.0,150.0,816.0
751,752,MC Divertida,MC Divertida,Music & Dance,11800000,Not-Reveal,201900.0,1500.0,2074.21,240.0
752,753,FirstWeFeast,First We Feast,Food & Drinks,11800000,United States,122000.0,6000.0,262.0,960.0
753,754,MORGENSHTERN,MORGENSHTERN,Music & Dance,11800000,Russia,1500000.0,145500.0,7200.0,23280.0
754,755,PinkVideoVault,P!NK,Music & Dance,11800000,United States,52100.0,5200.0,174.0,832.0
755,756,SBTonline,SBT,Creator,11800000,Brazil,2800.0,167.0,3.0,26.72
756,757,MashaBearUkraine,Маша та Ведмідь,Education,11800000,Not-Reveal,195700.0,868.0,2074.21,138.88
757,758,Acenix,Acenix,Video games,11800000,Mexico,987100.0,69900.0,646.0,11184.0
758,759,Make Joke Of,Make Joke Of,Movies,11800000,India,7000000.0,428300.0,18900.0,68528.0
759,760,GoldminesAction,GoldminesAction,Creator,11800000,Not-Reveal,8900.0,143.0,2074.21,22.88
760,761,FrontaL Gaming,FrontaL Gaming,Movies,11800000,Not-Reveal,59000.0,2600.0,195.0,416.0
761,762,Koo Koo TV - Hindi,Koo Koo TV - Hindi,Creator,11800000,India,185400.0,1900.0,48.0,304.0
762,763,Garena Free Fire LATAM,Garena Free Fire LATAM,Creator,11800000,Mexico,24900.0,2300.0,111.0,368.0
763,764,blackeyedpeasvideo,Black Eyed Peas,Music & Dance,11700000,United States,17600.0,1100.0,20.0,176.0
764,765,francoescamilla,Franco Escamilla,Creator,11700000,Mexico,203700.0,13900.0,194.0,2224.0
765,766,penguinz0,penguinz0,Animation,11700000,United States,1900000.0,92700.0,6300.0,14832.0
766,767,MTV2,Wild 'N Out,Music & Dance,11700000,United States,220200.0,5700.0,178.0,912.0
767,768,prantoniojunior,Pastor Antônio Júnior,Music & Dance,11700000,Brazil,296300.0,70600.0,6800.0,11296.0
768,769,الجانب المُشرق | Bright Side Arabic,الجانب المُشرق | Bright Side Arabic,Creator,11600000,Egypt,17300.0,486.0,29.0,77.76
769,770,CrazyRussianHacker,CrazyRussianHacker,Animation,11600000,United States,135400.0,5700.0,94.0,912.0
770,771,Lofi Girl,Lofi Girl,Music & Dance,11600000,United States,43400.0,1900.0,88.0,304.0
771,772,FelipeViktor,LipaoGamer,Movies,11600000,Brazil,89400.0,5700.0,96.0,912.0
772,773,Quantum Tech HD,Quantum Tech HD,Creator,11600000,United States,1700000.0,6800.0,195.0,1088.0
773,774,AlArabiya,AlArabiya العربية,News & Politics,11600000,Algeria,3200.0,55.0,9.0,8.8
774,775,Biperysusamigos,Biper y sus Amigos,Music & Dance,11600000,Not-Reveal,351700.0,43605.63,2074.21,6976.900799999999
775,776,pocoyotv,POCOYÓ en ESPAÑOL - Canal Oficial,Creator,11600000,Not-Reveal,122900.0,433.0,2074.21,69.28
776,777,Jaiden Animations,Jaiden Animations,Creator,11600000,United States,3600000.0,288000.0,13400.0,46080.0
777,778,realannoyingorange,Annoying Orange,Movies,11600000,United States,143000.0,2900.0,556.0,464.0
778,779,Morgz,Morgz,Video games,11600000,Not-Reveal,128199.0,4800.0,793.0,768.0
779,780,Diana and Roma IND,Diana and Roma IND,Creator,11600000,Not-Reveal,275500.0,1400.0,2074.21,224.0
780,781,BBCEarth,BBC Earth,Creator,11600000,United States,42800.0,1800.0,44.0,288.0
781,782,hawkrecord,Single Track Studio,Music & Dance,11600000,India,553000.0,4800.0,418.0,768.0
782,783,elcarteldesantatv,elcarteldesantatv,Music & Dance,11600000,Mexico,151100.0,9000.0,199.0,1440.0
783,784,VyQwaint,Vy Qwaint,Video games,11600000,United States,1500000.0,28100.0,4000.0,4496.0
784,785,Pari's Lifestyle,Pari's Lifestyle,Daily vlogs,11500000,India,960700.0,11900.0,256.0,1904.0
785,786,Heidi y Zidane en español,Heidi y Zidane en español,Daily vlogs,11500000,Not-Reveal,501400.0,2600.0,2074.21,416.0
786,787,bharatzkitchen HINDI,bharatzkitchen HINDI,Creator,11500000,India,615400.0,10000.0,327.0,1600.0
787,788,sagar kalra (Shorts),sagar kalra (Shorts),Daily vlogs,11500000,India,2500000.0,430100.0,294.0,68816.0
788,789,Flowers Comedy,Flowers Comedy,Creator,11500000,India,281100.0,3900.0,194.0,624.0
789,790,Simone e Simaria,Simone e Simaria,Music & Dance,11500000,Brazil,190700.0,43605.63,2074.21,6976.900799999999
790,791,CarryisLive,CarryisLive,Creator,11400000,India,614100.0,50600.0,409.0,8096.0
791,792,ExpCaseros,ExpCaseros,DIY & Life Hacks,11400000,Spain,54000.0,1800.0,109.0,288.0
792,793,FilmTheorists,The Film Theorists,Movies,11400000,United States,1200000.0,79200.0,4700.0,12672.0
793,794,crackrockcandy,Maymo,Creator,11400000,United States,89000.0,479.0,82.0,76.64
794,795,hoiitsroi,Wassabi,Movies,11400000,United States,75700.0,4500.0,132.0,720.0
795,796,Star Casablanca | نجوم الدار البيضاء,Star Casablanca | نجوم الدار البيضاء,Music & Dance,11400000,Iraq,23300.0,1300.0,134.0,208.0
796,797,UnspeakableGaming,UnspeakableReacts,Video games,11400000,United States,322000.0,6700.0,405.0,1072.0
797,798,Ishaan Ali 11,Ishaan Ali 11,Daily vlogs,11400000,India,3000000.0,294500.0,538.0,47120.0
798,799,Taylor RS,Taylor RS,Creator,11400000,United States,95600.0,611.0,11.0,97.76
799,800,epicfortnite,Fortnite,Movies,11400000,United States,177000.0,9000.0,377.0,1440.0
800,801,قناة وناسة -  Wanasah TV,قناة وناسة -  Wanasah TV,Music & Dance,11400000,Not-Reveal,1500000.0,10700.0,2074.21,1712.0
801,802,watchcut,Cut,Humor,11400000,United States,427800.0,12300.0,578.0,1968.0
802,803,oyabakatousan,"Sen, Momo, Ai & Shii's Channel",Daily vlogs,11400000,Japan,68300.0,938.0,2074.21,150.08
803,804,CaptainSparklez,CaptainSparklez,Video games,11400000,United States,117000.0,10600.0,456.0,1696.0
804,805,ElRinconDeGiorgio,El Rincón De Giorgio,Video games,11400000,Spain,950600.0,134400.0,2300.0,21504.0
805,806,cbstvdinsideedition,Inside Edition,News & Politics,11400000,United States,103400.0,2800.0,431.0,448.0
806,807,Ya - Alisa,Ya - Alisa,Creator,11400000,Not-Reveal,1700.0,13.0,2074.21,2.08
807,808,ToysPlay,ToysPlay,Animation,11400000,Not-Reveal,358100.0,1600.0,2074.21,256.0
808,809,luzugames,luzugames,Animation,11400000,Mexico,55100.0,6300.0,100.0,1008.0
809,810,TheViralFeverVideos,The Viral Fever,Movies,11400000,India,623200.0,25600.0,823.0,4096.0
810,811,BakLol Video,BakLol Video,Movies,11400000,India,727800.0,15700.0,954.0,2512.0
811,812,Flamingo,Flamingo,Animation,11400000,United States,1500000.0,59300.0,6000.0,9488.0
812,813,Avocado Couple I Crazy Comics,Avocado Couple I Crazy Comics,Creator,11400000,United States,87300.0,785.0,31.0,125.60000000000001
813,814,TWO SIDE GAMERS,TWO SIDE GAMERS,Creator,11300000,India,359500.0,36700.0,1200.0,5872.0
814,815,Virgínia Fonseca,Virgínia Fonseca,Movies,11300000,Brazil,1000000.0,77100.0,1600.0,12336.0
815,816,brancoala,Brancoala,Movies,11300000,Brazil,443200.0,8800.0,246.0,1408.0
816,817,zeetamil,Zee Tamil,Creator,11300000,India,54500.0,659.0,4.0,105.44
817,818,HellomaphieMX,HellomaphieMX,Creator,11200000,Mexico,72500.0,5000.0,23.0,800.0
818,819,comedycentral,Comedy Central,Movies,11200000,United States,24600.0,895.0,51.0,143.20000000000002
819,820,RapGeniusVideo,Genius,Music & Dance,11200000,United States,23200.0,1000.0,136.0,160.0
820,821,Oum Walid,Oum Walid,Education,11200000,Algeria,266000.0,16800.0,1100.0,2688.0
821,822,Morphle TV,Morphle TV,Animation,11200000,Not-Reveal,50400.0,252.0,2074.21,40.32
822,823,barbie,Barbie,Creator,11200000,Not-Reveal,27500.0,301.0,2074.21,48.160000000000004
823,824,DemolitionRanch,DemolitionRanch,Video games,11200000,United States,982600.0,50100.0,5700.0,8016.0
824,825,doctruyencotich,Kênh Thiếu Nhi - BHMEDIA,Music & Dance,11200000,United States,17100.0,52.0,2074.21,8.32
825,826,chotoonz,Chotoonz TV - Funny Cartoons for Kids,Creator,11200000,Not-Reveal,39900.0,43605.63,2074.21,6976.900799999999
826,827,mrplotvideos,Mundo Bita,Music & Dance,11200000,Not-Reveal,240500.0,1700.0,2074.21,272.0
827,828,viihtubeoficial,Viih Tube,Creator,11200000,Brazil,505500.0,28900.0,612.0,4624.0
828,829,OGGY,OGGY,Creator,11200000,Not-Reveal,155500.0,1700.0,2074.21,272.0
829,830,sagahits,SagaHits,Music & Dance,11200000,India,10200.0,521.0,69.0,83.36
830,831,dednahype,dednahype,Creator,11100000,United States,602700.0,13600.0,39.0,2176.0
831,832,Rachit Rojha,Rachit Rojha,Creator,11100000,India,2600000.0,50700.0,3500.0,8112.0
832,833,Lycoman Facts,Lycoman Facts,Creator,11100000,India,2000000.0,43605.63,221.0,6976.900799999999
833,834,Dobre Brothers,Dobre Brothers,Movies,11100000,United States,321400.0,14300.0,434.0,2288.0
834,835,Jessica Jane,Jessica Jane,Food & Drinks,11100000,Indonesia,1200000.0,83800.0,2800.0,13408.0
835,836,Levinho,Levinho,Creator,11100000,India,153200.0,14200.0,452.0,2272.0
836,837,aljazeerachannel,AlJazeera Channel قناة الجزيرة,News & Politics,11000000,Morocco,14100.0,222.0,55.0,35.52
837,838,NirahuaMusic,Nirahua Music World,Creator,11000000,India,1100000.0,15000.0,205.0,2400.0
838,839,MrGustavoParodias,Gustavo Paródias,Creator,11000000,Brazil,250900.0,18900.0,81.0,3024.0
839,840,GamesEduUu,Games EduUu,Movies,11000000,Brazil,1200000.0,177000.0,5300.0,28320.0
840,841,OYUNCAKOYNUYORUM,OYUNCAKOYNUYORUM,Creator,11000000,Not-Reveal,56200.0,238.0,2074.21,38.08
841,842,jpgameplayfull,JP Plays,Video games,11000000,Brazil,58900.0,4400.0,124.0,704.0
842,843,NEXT9NEWS हर खबर आप तक,NEXT9NEWS हर खबर आप तक,News & Politics,11000000,India,7700.0,57.0,2.0,9.120000000000001
843,844,telugufilmnagar,Telugu Filmnagar,Creator,11000000,India,2600.0,47.0,1.0,7.5200000000000005
844,845,ctctv,СТС,Video games,11000000,Russia,101100.0,1100.0,47.0,176.0
845,846,pinkfongko,핑크퐁 (인기 동요・동화),Education,11000000,Algeria,32700.0,469.0,2074.21,75.04
846,847,BIBO и Игрушки,BIBO и Игрушки,Animation,11000000,Not-Reveal,24800.0,43605.63,2074.21,6976.900799999999
847,848,ExplosmEntertainment,ExplosmEntertainment,Movies,11000000,United States,131200.0,11100.0,157.0,1776.0
848,849,XHuevaX,Hueva,Video games,11000000,Mexico,113200.0,4300.0,234.0,688.0
849,850,Pen Multiplex,Pen Multiplex,Creator,11000000,India,4200.0,27.0,1.0,4.32
850,851,Slogomanify,Slogo,Video games,11000000,United States,280000.0,10700.0,466.0,1712.0
851,852,B4 Facts,B4 Facts,Creator,11000000,India,295400.0,37500.0,104.0,6000.0
852,853,Ryan Trahan,Ryan Trahan,Humor,11000000,United States,9900000.0,944500.0,25100.0,151120.0
853,854,Vox,Vox,News & Politics,11000000,United States,297100.0,7600.0,371.0,1216.0
854,855,Peppa Pig Hindi,Peppa Pig Hindi,Education,11000000,Not-Reveal,244500.0,1800.0,2074.21,288.0
855,856,HikakinTV,HikakinTV,Music & Dance,11000000,Japan,1200000.0,31800.0,1700.0,5088.0
856,857,Milena Stepanienco - MILENINHA,Milena Stepanienco - MILENINHA,Movies,11000000,Brazil,122300.0,1100.0,2074.21,176.0
857,858,rathorvideo,Rathore Cassettes,Creator,11000000,India,5000.0,56.0,5.0,8.96
858,859,OfficiallyAnneMarie,Anne-Marie,Music & Dance,11000000,India,32700.0,3400.0,71.0,544.0
859,860,videogyan,Videogyan Nursery Rhymes - Kids Songs & Cartoons,Animation,11000000,Not-Reveal,28900.0,214.0,2074.21,34.24
860,861,Juanpa Zurita,Juanpa Zurita,Creator,11000000,Mexico,890900.0,72600.0,3600.0,11616.0
861,862,zeeqindia,Zee Kids,Creator,11000000,Not-Reveal,14600.0,181.0,2074.21,28.96
862,863,RDCGujarati,RDC Gujarati,Music & Dance,11000000,India,9700.0,360.0,13.0,57.6
863,864,설기양SULGI,설기양SULGI,ASMR,10900000,United States,528200.0,14400.0,478.0,2304.0
864,865,Stray Kids,Stray Kids,Music & Dance,10900000,United States,856700.0,145200.0,1800.0,23232.0
865,866,5-Minute Crafts LIKE,5-Minute Crafts LIKE,Creator,10900000,India,7100.0,74.0,2.0,11.84
866,867,Golemcito Games,Golemcito Games,Movies,10900000,Peru,164600.0,30100.0,120.0,4816.0
867,868,BE AMAZED,BE AMAZED,Education,10900000,United States,365900.0,12100.0,579.0,1936.0
868,869,SEVENGERS,SEVENGERS,Creator,10900000,India,3800000.0,488500.0,689.0,78160.0
869,870,historychannel,HISTORY,Movies,10900000,United States,75200.0,1500.0,98.0,240.0
870,871,Sanjoy Das Official,Sanjoy Das Official,Creator,10900000,India,201000.0,29500.0,251.0,4720.0
871,872,Troom Troom Arabic,Troom Troom Arabic,Creator,10900000,Egypt,216700.0,2500.0,37.0,400.0
872,873,Área Secreta,Área Secreta,Movies,10800000,Brazil,165300.0,18400.0,571.0,2944.0
873,874,Ceylin - H Official,Ceylin - H Official,Music & Dance,10800000,Turkey,409700.0,43605.63,2074.21,6976.900799999999
874,875,WAMIndiaMovies,Wamindia Movies,Creator,10800000,India,15600.0,199.0,7.0,31.84
875,876,mirandasings08,Miranda Sings,Movies,10800000,United States,115800.0,9400.0,573.0,1504.0
876,877,GIMS,GIMS,Music & Dance,10800000,France,308300.0,15700.0,704.0,2512.0
877,878,Experienced Mojaraba TV,Experienced Mojaraba TV,Health & Self Help,10800000,United States,12600.0,396.0,11.0,63.36
878,879,redbull,Red Bull,Sports,10800000,United States,35000.0,2000.0,25.0,320.0
879,880,ChuChuTV Hindi,ChuChuTV Hindi,Education,10800000,Not-Reveal,156300.0,1000.0,2074.21,160.0
880,881,hasanjr11,hasanjr11,Creator,10800000,Indonesia,189100.0,2400.0,352.0,384.0
881,882,Caso Cerrado,Caso Cerrado,Animation,10800000,Mexico,343400.0,2900.0,101.0,464.0
882,883,ComedyShortsGamer,Deji,Animation,10800000,United Kingdom,1200000.0,48100.0,2500.0,7696.0
883,884,PinaRecordsVideos,Pina Records,Music & Dance,10800000,Peru,1300000.0,41500.0,9100.0,6640.0
884,885,WarnerBrosPictures,Warner Bros. Pictures,Movies,10800000,United States,105800.0,4300.0,434.0,688.0
885,886,Google,Google,Creator,10800000,United States,28500.0,623.0,2074.21,99.68
886,887,Primitive Technology,Primitive Technology,DIY & Life Hacks,10800000,United States,2000000.0,107800.0,5200.0,17248.0
887,888,Goldmines Housefull,Goldmines Housefull,Creator,10800000,Not-Reveal,7900.0,43605.63,2074.21,6976.900799999999
888,889,TikTak Draw,TikTak Draw,Animation,10800000,Mexico,76500.0,5100.0,211.0,816.0
889,890,Joe HaTTab,Joe HaTTab,Movies,10800000,Somalia,2000000.0,104000.0,3900.0,16640.0
890,891,lincolnvelasquez,Cong TV,Creator,10800000,Philippines,2700000.0,163300.0,4900.0,26128.0
891,892,Guns N' Roses,Guns N' Roses,Music & Dance,10800000,Brazil,951900.0,41700.0,2500.0,6672.0
892,893,Kids smile TV,Kids smile TV,Movies,10800000,Not-Reveal,39000.0,247.0,2074.21,39.52
893,894,KiKiDo,KiKiDo,Video games,10800000,Russia,2300000.0,48500.0,2200.0,7760.0
894,895,NASAtelevision,NASA,News & Politics,10700000,United States,80500.0,2800.0,2074.21,448.0
895,896,Kashvi Adlakha,Kashvi Adlakha,Creator,10700000,India,433300.0,16400.0,26.0,2624.0
896,897,Painzeiro,Painzeiro,Daily vlogs,10700000,Brazil,196700.0,9100.0,289.0,1456.0
897,898,Alexa Rivera,Alexa Rivera,Animation,10700000,United States,2000000.0,86100.0,3400.0,13776.0
898,899,MeKcanal,Matheus e Kauan,Music & Dance,10700000,Brazil,6500.0,423.0,8.0,67.68
899,900,Entertainment with Musa,Entertainment with Musa,Creator,10700000,Pakistan,262600.0,2100.0,62.0,336.0
900,901,DuDuPopTOY,DuDuPopTOY,Animation,10600000,Not-Reveal,6600.0,53.0,2074.21,8.48
901,902,sadhguru,Sadhguru,Movies,10600000,India,182500.0,5800.0,282.0,928.0
902,903,stampylonghead,stampylonghead,Video games,10600000,United States,77000.0,3900.0,715.0,624.0
903,904,timesmusicindia,Times Music,Music & Dance,10600000,India,7400.0,284.0,15.0,45.44
904,905,mamilosmolengas,Mussoumano,Music & Dance,10600000,Brazil,2200000.0,75500.0,4000.0,12080.0
905,906,PrankvsPrank,Jesse,Music & Dance,10600000,United States,106700.0,7300.0,1100.0,1168.0
906,907,Family Box,Family Box,Video games,10600000,Russia,247200.0,7800.0,95.0,1248.0
907,908,sbtthenoite,The Noite com Danilo Gentili,Movies,10600000,Brazil,7200.0,426.0,16.0,68.16
908,909,craftingeek,Craftingeek,Creator,10600000,Mexico,231300.0,11100.0,1100.0,1776.0
909,910,Pinkfong en español - Canciones Infantiles,Pinkfong en español - Canciones Infantiles,Animation,10600000,Not-Reveal,46700.0,153.0,2074.21,24.48
910,911,francinyehlke,Franciny Ehlke,Fashion,10600000,Brazil,208400.0,19700.0,396.0,3152.0
911,912,DRJ Records Specials,DRJ Records Specials,Creator,10600000,India,24400.0,136.0,3.0,21.76
912,913,[햄지]Hamzy,[햄지]Hamzy,Creator,10600000,United States,1500000.0,33700.0,779.0,5392.0
913,914,AdamThomasMoran,AdamThomasMoran,Video games,10600000,Russia,488000.0,38800.0,2500.0,6208.0
914,915,GoProCamera,GoPro,Sports,10600000,United States,35400.0,1700.0,53.0,272.0
915,916,ChillStepNation,Chill Nation,Music & Dance,10600000,United States,21100.0,680.0,27.0,108.8
916,917,MTV,MTV,Music & Dance,10600000,United States,18500.0,992.0,23.0,158.72
917,918,Toymong tv 토이몽TV,Toymong tv 토이몽TV,Creator,10600000,Not-Reveal,24900.0,195.0,2074.21,31.2
918,919,atv,atv,Movies,10600000,Turkey,28900.0,295.0,10.0,47.2
919,920,TeremokTV,Теремок ТВ,Video games,10600000,Not-Reveal,281700.0,1100.0,2074.21,176.0
920,921,TeamMojang,Minecraft,Animation,10600000,United States,659800.0,37500.0,1400.0,6000.0
921,922,BBCArabicNews,BBC News عربي,News & Politics,10600000,Morocco,16400.0,294.0,71.0,47.04
922,923,Comedy Captain,Comedy Captain,Creator,10600000,India,6000.0,62.0,2.0,9.92
923,924,Eli Kids - Cartoons & Songs,Eli Kids - Cartoons & Songs,Music & Dance,10600000,Not-Reveal,1000000.0,3200.0,2074.21,512.0
924,925,CJENMMUSIC,Stone Music Entertainment,Music & Dance,10600000,United States,5800.0,448.0,19.0,71.68
925,926,Hindi Kahaniya,Hindi Kahaniya,Creator,10600000,India,125900.0,1600.0,29.0,256.0
926,927,Rawan and Rayan,Rawan and Rayan,Creator,10600000,Algeria,1100000.0,63400.0,3900.0,10144.0
927,928,Cris Devil Gamer,Cris Devil Gamer,Movies,10600000,United States,63400.0,3100.0,68.0,496.0
928,929,5incominutos,5incominutos,Creator,10600000,Brazil,97500.0,17000.0,780.0,2720.0
929,930,Talent Recap,Talent Recap,Music & Dance,10600000,United States,139200.0,3800.0,80.0,608.0
930,931,Hindi Fairy Tales,Hindi Fairy Tales,Creator,10600000,India,498800.0,7500.0,141.0,1200.0
931,932,soicon295,Magnet World,Creator,10500000,United States,44900.0,651.0,8.0,104.16
932,933,Juice WRLD,Juice WRLD,Music & Dance,10500000,United States,2100000.0,142400.0,10200.0,22784.0
933,934,GemaNadaPertiwi,GNP Music,Music & Dance,10500000,Indonesia,53400.0,979.0,2074.21,156.64000000000001
934,935,Koray Zeynep,Koray Zeynep,Daily vlogs,10500000,Turkey,231100.0,4400.0,4.0,704.0
935,936,Heroine Movies 2022,Heroine Movies 2022,Daily vlogs,10400000,India,229300.0,1600.0,9.0,256.0
936,937,Playing with Rafael,Playing with Rafael,Creator,10400000,Brazil,7000.0,49.0,2074.21,7.84
937,938,Utkarsh Classes Jodhpur,Utkarsh Classes Jodhpur,Education,10400000,India,134800.0,10600.0,257.0,1696.0
938,939,BrPVPHu3,João Caetano,Creator,10400000,Brazil,626300.0,45600.0,966.0,7296.0
939,940,bhaktisongs,Shemaroo Bhakti,Music & Dance,10400000,India,7100.0,164.0,11.0,26.240000000000002
940,941,TwinRoozi 쌍둥이 루지,TwinRoozi 쌍둥이 루지,Daily vlogs,10400000,Indonesia,74600.0,43605.63,2074.21,6976.900799999999
941,942,"Baby Big Mouth Kids - Sing, Dance, Explore","Baby Big Mouth Kids - Sing, Dance, Explore",Animation,10400000,Not-Reveal,528.0,4.0,2074.21,0.64
942,943,SaraBeautyCorner,"SaraBeautyCorner - DIY, Comedy, Makeup, Nail Art",DIY & Life Hacks,10400000,United States,36200.0,2800.0,93.0,448.0
943,944,TomorrowlandChannel,Tomorrowland,Music & Dance,10400000,Brazil,47600.0,1700.0,82.0,272.0
944,945,EugenBro,EugenBro,Video games,10400000,Russia,258000.0,15100.0,1900.0,2416.0
945,946,THE BROWN SIBLINGS,THE BROWN SIBLINGS,Creator,10400000,India,2400000.0,248100.0,547.0,39696.0
946,947,XO TEAM,XO TEAM,Creator,10400000,United States,617900.0,38600.0,264.0,6176.0
947,948,TeremokSongs,Теремок - Песенки для детей,Music & Dance,10400000,Russia,98700.0,499.0,2074.21,79.84
948,949,AsapSCIENCE,AsapSCIENCE,Science & Technology,10400000,United States,149000.0,6800.0,338.0,1088.0
949,950,Jugnu Kids - Nursery Rhymes and Best Baby Songs,Jugnu Kids - Nursery Rhymes and Best Baby Songs,Animation,10400000,Not-Reveal,161200.0,1300.0,2074.21,208.0
950,951,Adriana Show,Adriana Show,Animation,10400000,Not-Reveal,462200.0,43605.63,2074.21,6976.900799999999
951,952,The Daily Show with Trevor Noah,The Daily Show with Trevor Noah,News & Politics,10400000,United States,185900.0,7000.0,402.0,1120.0
952,953,SpriteDer SPD,SpriteDer SPD,Humor,10400000,Thailand,4300000.0,152900.0,5600.0,24464.0
953,954,0214mex,はじめしゃちょー（hajime）,Music & Dance,10400000,Japan,592200.0,18500.0,1100.0,2960.0
954,955,cleanbandit,Clean Bandit,Music & Dance,10400000,United States,21700.0,1000.0,32.0,160.0
955,956,Doctor Mike,Doctor Mike,Health & Self Help,10400000,United States,710800.0,43400.0,2100.0,6944.0
956,957,ChennaiExp2013,Red Chillies Entertainment,Creator,10400000,India,14200.0,1100.0,40.0,176.0
957,958,Patty Mayo,Patty Mayo,Movies,10400000,United States,372100.0,14900.0,808.0,2384.0
958,959,Sanam,Sanam,Music & Dance,10400000,India,66200.0,7400.0,497.0,1184.0
959,960,Lorrayne Oliveira,Lorrayne Oliveira,Animation,10400000,Brazil,376600.0,18500.0,582.0,2960.0
960,961,Oneindia Hindi | वनइंडिया हिंदी,Oneindia Hindi | वनइंडिया हिंदी,News & Politics,10400000,India,1700.0,18.0,1.0,2.88
961,962,singkingkaraoke,Sing King,Music & Dance,10400000,United States,11300.0,113.0,9.0,18.080000000000002
962,963,CS Bisht Vines,CS Bisht Vines,Creator,10300000,India,1600000.0,16700.0,459.0,2672.0
963,964,5-Minute Recipes,5-Minute Recipes,Creator,10300000,India,30500.0,330.0,7.0,52.800000000000004
964,965,Dental Digest,Dental Digest,Creator,10300000,United States,412500.0,14800.0,681.0,2368.0
965,966,Receitas de Pai,Receitas de Pai,Food & Drinks,10300000,Brazil,107100.0,9900.0,397.0,1584.0
966,967,Viki Show,Viki Show,Video games,10300000,Russia,1200000.0,32299.0,1500.0,5167.84
967,968,Hindi Countdown,Hindi Countdown,Education,10300000,India,701600.0,21300.0,649.0,3408.0
968,969,Airrack,Airrack,Video games,10300000,United States,3700000.0,168500.0,8700.0,26960.0
969,970,Little Angel Bahasa Indonesia - Lagu Anak,Little Angel Bahasa Indonesia - Lagu Anak,Music & Dance,10300000,Not-Reveal,460400.0,3000.0,2074.21,480.0
970,971,Survival Builder,Survival Builder,Creator,10300000,United States,585000.0,6000.0,132.0,960.0
971,972,서은일상이야기,서은일상이야기,Creator,10300000,Not-Reveal,7500.0,58.0,2074.21,9.28
972,973,TopMovieClips,TopMovieClips,Movies,10200000,United States,119100.0,1700.0,93.0,272.0
973,974,behindwoodstv,BehindwoodsTV,Creator,10200000,Not-Reveal,14700.0,439.0,3.0,70.24
974,975,JessicaJulioeBaby,Laurinha e Helena - Clubinho da Laura,Movies,10200000,Brazil,196300.0,3100.0,2074.21,496.0
975,976,T-STUDIO,T-STUDIO,Creator,10200000,Indonesia,31400.0,802.0,1.0,128.32
976,977,Islam Populer,Islam Populer,Education,10200000,Indonesia,24800.0,898.0,78.0,143.68
977,978,Wylsacom,Wylsacom,Science & Technology,10200000,Russia,578200.0,22300.0,2500.0,3568.0
978,979,DalasReview,Dalas Review,Science & Technology,10200000,Mexico,305700.0,30900.0,4600.0,4944.0
979,980,nhstudioz,NH Studioz,Creator,10200000,India,10600.0,71.0,2.0,11.36
980,981,WoodyandKleiny,Woody & Kleiny,Creator,10200000,United States,242200.0,20600.0,62.0,3296.0
981,982,VYRLOriginals,VYRLOriginals,Music & Dance,10200000,India,6600000.0,10300.0,366.0,1648.0
982,983,123 GO! Hindi,123 GO! Hindi,Creator,10200000,India,308200.0,2400.0,21.0,384.0
983,984,NFL,NFL,Sports,10200000,United States,24500.0,635.0,78.0,101.60000000000001
984,985,ChuChuTV Español,ChuChuTV Español,Toys,10200000,Not-Reveal,51400.0,358.0,2074.21,57.28
985,986,Sơn Tùng M-TP Official,Sơn Tùng M-TP Official,Music & Dance,10200000,United States,100900.0,7700.0,108.0,1232.0
986,987,مصطفى GAME OVER,مصطفى GAME OVER,Creator,10200000,Iraq,852500.0,100800.0,3100.0,16128.0
987,988,htv2channel,Vie Channel - HTV2,Music & Dance,10200000,United States,62500.0,686.0,50.0,109.76
988,989,ThePersica,Orkun Işıtmak,Animation,10200000,Turkey,2000000.0,76300.0,2400.0,12208.0
989,990,OneRepublic,OneRepublic,Music & Dance,10100000,United States,28000.0,3200.0,159.0,512.0
990,991,Eagle Home Entertainments,Eagle Home Entertainments,Creator,10100000,India,1100.0,7.0,2074.21,1.12
991,992,Sab Kuchh Sekho Jano,Sab Kuchh Sekho Jano,News & Politics,10100000,India,14500.0,852.0,27.0,136.32
992,993,Heera Gold,Heera Gold,Daily vlogs,10100000,Pakistan,21400.0,840.0,65.0,134.4
993,994,HiTechIslamic,Hi-Tech Islamic Naat,Music & Dance,10100000,Pakistan,39600.0,897.0,81.0,143.52
994,995,Luan Palomera,Luan Palomera,Creator,10100000,Mexico,458600.0,16400.0,1400.0,2624.0
995,996,RUOK,RUOK,Creator,10100000,Brazil,215400.0,25200.0,1300.0,4032.0
996,997,FoxNewsChannel,Fox News,News & Politics,10100000,United States,98400.0,4000.0,884.0,640.0
997,998,SULE PRODUCTIONS,SULE PRODUCTIONS,Creator,10100000,Indonesia,218300.0,4500.0,306.0,720.0
998,999,MBCkpop,MBCkpop,Music & Dance,10100000,Malaysia,19700.0,2600.0,92.0,416.0
999,1000,Dynamo Gaming,Dynamo Gaming,Creator,10100000,India,139600.0,15400.0,125.0,2464.0
